event_id,name_zh,name_en,year,start_date,end_date,status_zh,teams_count,match_count,is_default,logo_url
1,2023无畏契约东京大师赛,VCT 2023: Masters Tokyo,2023,2023-06-11,2023-07-02,已结束,12,24,False,https://esports.val.qq.com/val/logo/purple.png
1000005,2023无畏契约全球冠军赛,2023 VCT CHAMPIONS,2023,2023-08-07,2023-09-04,已结束,16,34,False,https://esports.val.qq.com/val/logo/gold.png
1000012,2023改变者全球冠军赛,Game Changers 2023 Championship: São Paulo,2023,2023-11-29,2023-12-04,已结束,8,14,False,https://esports.val.qq.com/val/logo/yellow.png
1000013,2023CN联赛晋升赛,2023 VCT CN Ascension,2023,2023-12-23,2024-01-04,已结束,8,16,False,https://esports.val.qq.com/val/VCT_SPARK_RGB_TEAL.png
1000014,VCT CN 启点赛,VCT CN Kickoff,2023,2024-02-22,2024-03-06,已结束,11,19,False,https://esports.val.qq.com/val/logo/red.png
1000015,马德里大师赛,Masters Madrid,2024,2024-03-14,2024-03-27,已结束,8,16,False,https://esports.val.qq.com/val/logo/purple.png
1000016,2024 VCT CN联赛第一赛段,2024 VCT CN Stage 1,2023,2024-04-05,2024-05-16,已结束,11,38,False,https://esports-1259129723.cos.ap-nanjing.myqcloud.com/val/gen/secondLevelGame/logo/e8e31c69f3d136dc1e9fd66522ecad7dcf11b762a97e7284bda50ffe8d4fba20
1000017,上海大师赛,Masters Shanghai,2024,2024-05-23,2024-06-11,已结束,12,24,False,https://esports.val.qq.com/val/logo/purple.png
1000018,2024 VCT CN 联赛第二赛段,2024 VCT CN Stage 2,2024,2024-06-15,2024-07-20,已结束,11,33,False,https://esports-1259129723.cos.ap-nanjing.myqcloud.com/val/gen/secondLevelGame/logo/e8e31c69f3d136dc1e9fd66522ecad7dcf11b762a97e7284bda50ffe8d4fba20
1000020,2024无畏契约全球冠军赛,2024 VCT CHAMPIONS,2024,2024-08-01,2024-08-25,已结束,16,34,False,https://esports.val.qq.com/val/logo/gold.png
1000021,2024CN联赛晋升赛,2023 VCT CN Ascension,2024,2024-09-11,2024-09-21,已结束,8,16,False,https://esports-1259129723.cos.ap-nanjing.myqcloud.com/val/gen/secondLevelGame/logo/01d087cb8a23076539c2c323f1a700f76f6110f40d882c0a906708fe516a0a92
1000025,2024改变者全球冠军赛,Game Changers 2024 Championship,2024,2024-11-07,2024-11-18,已结束,10,18,False,https://esports-1259129723.cos.ap-nanjing.myqcloud.com/val/gen/secondLevelGame/logo/e756369e9b1d682c5ea648863c1879b36c4950e6cb895395423ee81a311c75b3
1000026,源能亚洲邀请赛,Radiant Asia,2024,2024-11-21,2024-12-01,已结束,8,16,False,https://esports-1259129723.cos.ap-nanjing.myqcloud.com/val/gen/secondLevelGame/logo/ff21f4d3cd7e6dc81a78e47cd8839923c82aab23ae25f2ffcc549f19be3131b9
1000031,2025 VCT CN 启点赛,VCT CN Kickoff,2025,2025-01-11,2025-01-25,已结束,12,22,False,https://esports-1259129723.cos.ap-nanjing.myqcloud.com/val/gen/secondLevelGame/logo/5b588dba04191c952081b26aa3c4d4eba098aaaee15d24d48788d0d83ff5a62b
1000034,无畏契约进化者杯系列赛 第一幕  ,ACT 1,2025,2025-02-08,2025-02-16,已结束,12,12,False,https://esports-1259129723.cos.ap-nanjing.myqcloud.com/val/gen/secondLevelGame/logo/5b588dba04191c952081b26aa3c4d4eba098aaaee15d24d48788d0d83ff5a62b
1000033,曼谷大师赛,VCT25 Masters Bangkok,2025,2025-02-20,2025-03-02,已结束,8,16,False,https://esports-1259129723.cos.ap-nanjing.myqcloud.com/val/gen/secondLevelGame/logo/e545e6b389e3d3c31017ba03e6e756019c92a87105e739a4aa3b329373f6f3e4
1000035,2025 VCT CN联赛第一赛段,2025 VCT CN Stage 1,2025,2025-03-13,2025-05-08,已结束,12,42,False,https://esports-1259129723.cos.ap-nanjing.myqcloud.com/val/gen/secondLevelGame/logo/5b588dba04191c952081b26aa3c4d4eba098aaaee15d24d48788d0d83ff5a62b
1000037,2025无畏契约改变者赛CN赛区资格赛第一阶段,GC CN Qualifier 2025 Split1,2025,2025-04-27,2025-05-18,已结束,16,34,False,https://esports-1259129723.cos.ap-nanjing.myqcloud.com/val/gen/secondLevelGame/logo/e756369e9b1d682c5ea648863c1879b36c4950e6cb895395423ee81a311c75b3
1000038,无畏契约进化者杯系列赛第二幕,ACT 2,2025,2025-05-08,2025-05-12,已结束,12,12,False,https://esports-1259129723.cos.ap-nanjing.myqcloud.com/val/gen/secondLevelGame/logo/5b588dba04191c952081b26aa3c4d4eba098aaaee15d24d48788d0d83ff5a62b
1000040,多伦多大师赛,Masters Toronto,2025,2025-06-07,2025-06-23,已结束,12,24,False,https://esports-1259129723.cos.ap-nanjing.myqcloud.com/val/gen/secondLevelGame/logo/e545e6b389e3d3c31017ba03e6e756019c92a87105e739a4aa3b329373f6f3e4
1000041,2025 VCT CN联赛第二赛段,2025 VCT CN Stage 2,2025,2025-07-03,2025-08-24,已结束,12,42,False,https://esports-1259129723.cos.ap-nanjing.myqcloud.com/val/gen/secondLevelGame/logo/5b588dba04191c952081b26aa3c4d4eba098aaaee15d24d48788d0d83ff5a62b
1000044,无畏契约进化者杯系列赛第三幕,ACT3,2025,2025-08-28,2025-09-08,已结束,12,12,False,https://esports-1259129723.cos.ap-nanjing.myqcloud.com/val/gen/secondLevelGame/logo/5b588dba04191c952081b26aa3c4d4eba098aaaee15d24d48788d0d83ff5a62b
1000045,2025无畏契约全球冠军赛,2025 VCT CHAMPIONS,2025,2025-09-12,2025-10-05,已结束,16,34,False,https://esports-1259129723.cos.ap-nanjing.myqcloud.com/val/gen/secondLevelGame/logo/1dbfe52f9f260db25406a92cc522fa68e000ebf3eb55d9cb5a2670a01a7d8533
1000048,2025CN联赛晋升赛,2025 VCT CN Ascension,2025,2025-10-11,2025-10-19,已结束,8,16,False,https://esports-1259129723.cos.ap-nanjing.myqcloud.com/val/gen/secondLevelGame/logo/01d087cb8a23076539c2c323f1a700f76f6110f40d882c0a906708fe516a0a92
1000050,无畏契约进化者系列赛终章,Epilogue,2025,2025-11-12,2025-11-16,已结束,8,8,False,https://esports-1259129723.cos.ap-nanjing.myqcloud.com/val/gen/secondLevelGame/logo/e8e31c69f3d136dc1e9fd66522ecad7dcf11b762a97e7284bda50ffe8d4fba20
1000051,2025改变者全球冠军赛,Game Changers 2025 Championship,2025,2025-11-20,2025-11-30,已结束,10,18,False,https://esports-1259129723.cos.ap-nanjing.myqcloud.com/val/gen/secondLevelGame/logo/e756369e9b1d682c5ea648863c1879b36c4950e6cb895395423ee81a311c75b3
1000053,无畏契约源能国际邀请赛,VALORANT International Invitational,2025,2025-12-18,2025-12-21,已结束,6,15,False,https://esports-1259129723.cos.ap-nanjing.myqcloud.com/val/gen/secondLevelGame/logo/e8e31c69f3d136dc1e9fd66522ecad7dcf11b762a97e7284bda50ffe8d4fba20
1000055,2026 VCT CN启点赛,2026 VCT CN Kickoff,2026,2026-01-22,2026-02-09,已结束,12,30,False,https://esports-1259129723.cos.ap-nanjing.myqcloud.com/val/gen/secondLevelGame/logo/5b588dba04191c952081b26aa3c4d4eba098aaaee15d24d48788d0d83ff5a62b
1000058,圣地亚哥大师赛,Masters Santiago,2026,2026-02-28,2026-03-15,已结束,12,24,False,https://esports-1259129723.cos.ap-nanjing.myqcloud.com/val/gen/secondLevelGame/logo/e0c2ccf5d83bf41258e5ce3d9e87bafcc22aed297d1b743d79d7effd2553c76f
1000059,无畏契约进化者杯系列赛 第一幕,Valorant Evolution Cup Series ACT 1,2026,2026-03-16,2026-03-22,已结束,11,12,False,https://esports-1259129723.cos.ap-nanjing.myqcloud.com/val/gen/secondLevelGame/logo/5b588dba04191c952081b26aa3c4d4eba098aaaee15d24d48788d0d83ff5a62b
1000060,2026 VCT CN联赛第一赛段,2026 VCT CN Stage 1,2026,2026-03-31,2026-05-10,已结束,12,48,False,https://esports-1259129723.cos.ap-nanjing.myqcloud.com/val/gen/secondLevelGame/logo/5b588dba04191c952081b26aa3c4d4eba098aaaee15d24d48788d0d83ff5a62b
1000065,无畏契约进化者杯系列赛 第二幕,Valorant Evolution Cup Series ACT 2,2026,2026-05-20,2026-05-31,已结束,16,16,False,https://esports-1259129723.cos.ap-nanjing.myqcloud.com/val/gen/secondLevelGame/logo/5b588dba04191c952081b26aa3c4d4eba098aaaee15d24d48788d0d83ff5a62b
1000066,伦敦大师赛,Masters London,2026,2026-06-06,2026-06-21,已结束,12,24,False,https://esports-1259129723.cos.ap-nanjing.myqcloud.com/val/gen/secondLevelGame/logo/e545e6b389e3d3c31017ba03e6e756019c92a87105e739a4aa3b329373f6f3e4
10011,全国大赛S6总决赛,全国大赛S6总决赛,2026,2026-07-02,2026-07-04,已结束,11,7,False,https://esports-1259129723.cos.ap-nanjing.myqcloud.com/val/gen/secondLevelGame/logo/2fc4baf26d5dbba60ab44322c5cda08fa36c96921072cd0c2478eabda8f3c5e5
10010,2026电竞世俱杯《无畏契约》项目,2026电竞世俱杯《无畏契约》项目,2026,2026-07-02,2026-07-12,已结束,16,28,False,https://esports-1259129723.cos.ap-nanjing.myqcloud.com/val/gen/secondLevelGame/logo/0bf5f62b537e41a1dd74d8f9d7d0897181f32f5032f69fcb8a1e678ee30b589f
1000068,2026 VCT CN联赛第二赛段,2026 VCT CN Stage 2,2026,2026-07-09,2026-08-23,进行中,14,67,True,https://esports-1259129723.cos.ap-nanjing.myqcloud.com/val/gen/secondLevelGame/logo/5b588dba04191c952081b26aa3c4d4eba098aaaee15d24d48788d0d83ff5a62b
