match_id,event_id,event_name,match_name,match_date,status_zh,team_a_id,team_a_name,team_b_id,team_b_name,score_a,score_b,match_type,match_format,match_mode,group_name,progress
1,1,2023无畏契约东京大师赛,Match 1 - B1 - FUT (EMEA3) vs EG (Am3),2023-06-11T11:00:00+08:00,已结束,53,FUT,56,EG,0,2,小组赛,BO3,竞技模式,,第一天
2,1,2023无畏契约东京大师赛,Match 2 - B2 - DRX (Pac2) vs ASE (CN2),2023-06-11T14:00:00+08:00,已结束,59,DRX,1,ASE,2,0,小组赛,BO3,竞技模式,,第一天
3,1,2023无畏契约东京大师赛,Match 3 - A1 - EDG (CN1) vs T1 (Pac3),2023-06-11T17:00:00+08:00,已结束,5,EDG,60,T1,1,2,小组赛,BO3,竞技模式,,第一天
4,1,2023无畏契约东京大师赛,Match 4 - A2 - NRG (Am2) vs NAVI (EMEA4),2023-06-12T11:00:00+08:00,已结束,57,NRG,54,NAVI,2,1,小组赛,BO3,竞技模式,,第二天
5,1,2023无畏契约东京大师赛,Match 5 - B3 - Winner B1 vs Winner B2,2023-06-12T14:00:00+08:00,已结束,56,EG,59,DRX,2,0,小组赛,BO3,竞技模式,,第二天
6,1,2023无畏契约东京大师赛,Match 6 - A3 - Winner A1 vs Winner A2,2023-06-13T11:00:00+08:00,已结束,57,NRG,60,T1,2,1,小组赛,BO3,竞技模式,,第三天
7,1,2023无畏契约东京大师赛,Match 7 - B4 - Loser B1 vs Loser B2,2023-06-13T14:00:00+08:00,已结束,53,FUT,1,ASE,2,1,小组赛,BO3,竞技模式,,第三天
8,1,2023无畏契约东京大师赛,Match 8 - A4 - Loser A1 vs Loser A2,2023-06-13T17:00:00+08:00,已结束,54,NAVI,5,EDG,0,2,小组赛,BO3,竞技模式,,第三天
9,1,2023无畏契约东京大师赛,Match 9 - B5 - Loser B3 vs Winner B4,2023-06-14T11:00:00+08:00,已结束,59,DRX,53,FUT,2,1,小组赛,BO3,竞技模式,,第四天
10,1,2023无畏契约东京大师赛,Match 10 - A5 - Loser A3 vs Winner A4,2023-06-14T14:00:00+08:00,已结束,60,T1,5,EDG,0,2,小组赛,BO3,竞技模式,,第四天
11,1,2023无畏契约东京大师赛,Match 11,2023-06-16T11:00:00+08:00,已结束,55,LOUD,56,EG,0,2,淘汰赛,BO3,竞技模式,,第一天
12,1,2023无畏契约东京大师赛,Match 12,2023-06-16T14:00:00+08:00,已结束,52,TL,5,EDG,2,1,淘汰赛,BO3,竞技模式,,第一天
13,1,2023无畏契约东京大师赛,Match 13,2023-06-17T11:00:00+08:00,已结束,51,FNC,57,NRG,2,0,淘汰赛,BO3,竞技模式,,第二天
14,1,2023无畏契约东京大师赛,Match 14,2023-06-17T14:00:00+08:00,已结束,58,PRX,59,DRX,2,0,淘汰赛,BO3,竞技模式,,第二天
15,1,2023无畏契约东京大师赛,Match 15 - Loser M11 vs Loser M12,2023-06-18T11:00:00+08:00,已结束,5,EDG,55,LOUD,2,0,淘汰赛,BO3,竞技模式,,第三天
16,1,2023无畏契约东京大师赛,Match 16 - Loser M13 vs Loser M14,2023-06-18T14:00:00+08:00,已结束,59,DRX,57,NRG,0,2,淘汰赛,BO3,竞技模式,,第三天
17,1,2023无畏契约东京大师赛,Match 17 - Winner M11 vs Winner M12,2023-06-19T11:00:00+08:00,已结束,52,TL,56,EG,0,2,淘汰赛,BO3,竞技模式,,第四天
18,1,2023无畏契约东京大师赛,Match 18 - Winner M13 vs Winner M14,2023-06-19T14:00:00+08:00,已结束,58,PRX,51,FNC,0,2,淘汰赛,BO3,竞技模式,,第四天
19,1,2023无畏契约东京大师赛,Match 19 - Loser M17 vs Winner M16,2023-06-20T11:00:00+08:00,已结束,57,NRG,52,TL,2,1,淘汰赛,BO3,竞技模式,,第五天
20,1,2023无畏契约东京大师赛,Match 20 - Loser M18 vs Winner M15,2023-06-20T14:00:00+08:00,已结束,5,EDG,58,PRX,1,2,淘汰赛,BO3,竞技模式,,第五天
21,1,2023无畏契约东京大师赛,Match 21 - Winner M17 vs Winner M18,2023-06-21T11:00:00+08:00,已结束,51,FNC,56,EG,2,1,淘汰赛,BO3,竞技模式,,第六天
22,1,2023无畏契约东京大师赛,Match 22 - Winner M19 vs Winner M20,2023-06-21T14:00:00+08:00,已结束,57,NRG,58,PRX,1,2,淘汰赛,BO3,竞技模式,,第六天
23,1,2023无畏契约东京大师赛,Match 23 - Loser M21 vs Winner M22,2023-06-24T11:00:00+08:00,已结束,56,EG,58,PRX,3,2,淘汰赛,BO5,竞技模式,,第七天
24,1,2023无畏契约东京大师赛,Match 24 - Winner M21 vs Winner M23,2023-06-25T11:00:00+08:00,已结束,51,FNC,56,EG,3,0,淘汰赛,BO5,竞技模式,,决赛
1000022,1000005,2023无畏契约全球冠军赛,小组赛第一轮,2023-08-07T03:00:00+08:00,已结束,52,TL,54,NAVI,0,2,小组赛,BO3,竞技模式,,
1000023,1000005,2023无畏契约全球冠军赛,小组赛第一轮,2023-08-07T06:00:00+08:00,已结束,59,DRX,55,LOUD,2,1,小组赛,BO3,竞技模式,,
1000024,1000005,2023无畏契约全球冠军赛,小组赛第一轮,2023-08-08T03:00:00+08:00,已结束,53,FUT,60,T1,2,0,小组赛,BO3,竞技模式,,
1000025,1000005,2023无畏契约全球冠军赛,小组赛第一轮,2023-08-08T06:00:00+08:00,已结束,56,EG,11,FPX,2,0,小组赛,BO3,竞技模式,,
1000030,1000005,2023无畏契约全球冠军赛,胜者组决赛,2023-08-08T09:00:00+08:00,已结束,54,NAVI,59,DRX,1,2,小组赛,BO3,竞技模式,,
1000026,1000005,2023无畏契约全球冠军赛,小组赛第一轮,2023-08-09T03:00:00+08:00,已结束,57,NRG,21,BLG,0,2,小组赛,BO3,竞技模式,,
1000027,1000005,2023无畏契约全球冠军赛,小组赛第一轮,2023-08-09T06:00:00+08:00,已结束,51,FNC,67,ZETA,2,0,小组赛,BO3,竞技模式,,
1000031,1000005,2023无畏契约全球冠军赛,胜者组决赛,2023-08-09T09:00:00+08:00,已结束,53,FUT,56,EG,0,2,小组赛,BO3,竞技模式,,
1000028,1000005,2023无畏契约全球冠军赛,小组赛第一轮,2023-08-10T03:00:00+08:00,已结束,58,PRX,65,KRÜ,2,0,小组赛,BO3,竞技模式,,
1000029,1000005,2023无畏契约全球冠军赛,小组赛第一轮,2023-08-10T06:00:00+08:00,已结束,5,EDG,66,GIA,2,1,小组赛,BO3,竞技模式,,
1000032,1000005,2023无畏契约全球冠军赛,胜者组决赛,2023-08-10T09:00:00+08:00,已结束,21,BLG,51,FNC,0,2,小组赛,BO3,竞技模式,,
1000034,1000005,2023无畏契约全球冠军赛,败者组第一轮,2023-08-11T03:00:00+08:00,已结束,52,TL,55,LOUD,0,2,小组赛,BO3,竞技模式,,
1000035,1000005,2023无畏契约全球冠军赛,败者组第一轮,2023-08-11T06:00:00+08:00,已结束,60,T1,11,FPX,2,0,小组赛,BO3,竞技模式,,
1000033,1000005,2023无畏契约全球冠军赛,胜者组决赛,2023-08-11T09:00:00+08:00,已结束,58,PRX,5,EDG,2,0,小组赛,BO3,竞技模式,,
1000036,1000005,2023无畏契约全球冠军赛,败者组第一轮,2023-08-12T03:00:00+08:00,已结束,65,KRÜ,66,GIA,1,2,小组赛,BO3,竞技模式,,
1000037,1000005,2023无畏契约全球冠军赛,败者组第一轮,2023-08-12T06:00:00+08:00,已结束,57,NRG,67,ZETA,2,0,小组赛,BO3,竞技模式,,
1000038,1000005,2023无畏契约全球冠军赛,败者组决赛,2023-08-13T03:00:00+08:00,已结束,54,NAVI,55,LOUD,1,2,小组赛,BO3,竞技模式,,
1000039,1000005,2023无畏契约全球冠军赛,败者组决赛,2023-08-13T06:00:00+08:00,已结束,53,FUT,60,T1,2,0,小组赛,BO3,竞技模式,,
1000040,1000005,2023无畏契约全球冠军赛,败者组决赛,2023-08-14T03:00:00+08:00,已结束,5,EDG,66,GIA,2,0,小组赛,BO3,竞技模式,,
1000041,1000005,2023无畏契约全球冠军赛,败者组决赛,2023-08-14T06:00:00+08:00,已结束,21,BLG,57,NRG,2,0,小组赛,BO3,竞技模式,,
1000042,1000005,2023无畏契约全球冠军赛,胜者组第一轮,2023-08-17T03:00:00+08:00,已结束,51,FNC,55,LOUD,0,2,淘汰赛,BO3,竞技模式,,
1000043,1000005,2023无畏契约全球冠军赛,胜者组第一轮,2023-08-17T06:00:00+08:00,已结束,58,PRX,53,FUT,2,0,淘汰赛,BO3,竞技模式,,
1000044,1000005,2023无畏契约全球冠军赛,胜者组第一轮,2023-08-18T03:00:00+08:00,已结束,59,DRX,21,BLG,2,0,淘汰赛,BO3,竞技模式,,
1000045,1000005,2023无畏契约全球冠军赛,胜者组第一轮,2023-08-18T06:00:00+08:00,已结束,56,EG,5,EDG,2,1,淘汰赛,BO3,竞技模式,,
1000046,1000005,2023无畏契约全球冠军赛,败者组第一轮,2023-08-19T03:00:00+08:00,已结束,51,FNC,53,FUT,2,0,淘汰赛,BO3,竞技模式,,
1000047,1000005,2023无畏契约全球冠军赛,败者组第一轮,2023-08-19T06:00:00+08:00,已结束,21,BLG,5,EDG,1,2,淘汰赛,BO3,竞技模式,,
1000048,1000005,2023无畏契约全球冠军赛,胜者组第二轮,2023-08-20T03:00:00+08:00,已结束,55,LOUD,58,PRX,1,2,淘汰赛,BO3,竞技模式,,
1000049,1000005,2023无畏契约全球冠军赛,胜者组第二轮,2023-08-20T06:00:00+08:00,已结束,59,DRX,56,EG,0,2,淘汰赛,BO3,竞技模式,,
1000050,1000005,2023无畏契约全球冠军赛,败者组第二轮,2023-08-21T03:00:00+08:00,已结束,55,LOUD,5,EDG,2,1,淘汰赛,BO3,竞技模式,,
1000051,1000005,2023无畏契约全球冠军赛,败者组第二轮,2023-08-21T06:00:00+08:00,已结束,59,DRX,51,FNC,1,2,淘汰赛,BO3,竞技模式,,
1000052,1000005,2023无畏契约全球冠军赛,胜者组决赛,2023-08-25T03:00:00+08:00,已结束,58,PRX,56,EG,2,1,淘汰赛,BO3,竞技模式,,
1000053,1000005,2023无畏契约全球冠军赛,败者组半决赛,2023-08-25T06:00:00+08:00,已结束,55,LOUD,51,FNC,2,1,淘汰赛,BO3,竞技模式,,
1000054,1000005,2023无畏契约全球冠军赛,败者组决赛,2023-08-26T03:00:00+08:00,已结束,56,EG,55,LOUD,3,2,淘汰赛,BO5,竞技模式,,
1000055,1000005,2023无畏契约全球冠军赛,总决赛,2023-08-27T03:00:00+08:00,已结束,58,PRX,56,EG,1,3,淘汰赛,BO5,竞技模式,,
1000294,1000012,2023改变者全球冠军赛,胜者组第一轮,2023-11-29T01:00:00+08:00,已结束,112,TL,114,G2,0,2,淘汰赛,BO3,竞技模式,,
1000295,1000012,2023改变者全球冠军赛,胜者组第一轮,2023-11-29T04:00:00+08:00,已结束,56,EG,111,SMG,0,2,淘汰赛,BO3,竞技模式,,
1000296,1000012,2023改变者全球冠军赛,胜者组第一轮,2023-11-30T01:00:00+08:00,已结束,94,EDGS,115,SR,0,2,淘汰赛,BO3,竞技模式,,
1000297,1000012,2023改变者全球冠军赛,胜者组第一轮,2023-11-30T04:00:00+08:00,已结束,113,BBL,116,KRÜ,2,0,淘汰赛,BO3,竞技模式,,
1000298,1000012,2023改变者全球冠军赛,胜者组半决赛,2023-11-30T07:00:00+08:00,已结束,114,G2,111,SMG,2,1,淘汰赛,BO3,竞技模式,,
1000299,1000012,2023改变者全球冠军赛,败者组第一轮,2023-12-01T01:00:00+08:00,已结束,112,TL,56,EG,2,0,淘汰赛,BO3,竞技模式,,
1000300,1000012,2023改变者全球冠军赛,败者组第一轮,2023-12-01T04:00:00+08:00,已结束,94,EDGS,116,KRÜ,0,2,淘汰赛,BO3,竞技模式,,
1000301,1000012,2023改变者全球冠军赛,胜者组半决赛,2023-12-01T07:00:00+08:00,已结束,115,SR,113,BBL,2,0,淘汰赛,BO3,竞技模式,,
1000302,1000012,2023改变者全球冠军赛,败者组第二轮,2023-12-02T01:00:00+08:00,已结束,111,SMG,116,KRÜ,2,0,淘汰赛,BO3,竞技模式,,
1000303,1000012,2023改变者全球冠军赛,败者组第二轮,2023-12-02T04:00:00+08:00,已结束,113,BBL,112,TL,0,2,淘汰赛,BO3,竞技模式,,
1000304,1000012,2023改变者全球冠军赛,胜者组决赛,2023-12-02T07:00:00+08:00,已结束,114,G2,115,SR,1,2,淘汰赛,BO3,竞技模式,,
1000305,1000012,2023改变者全球冠军赛,败者组第三轮,2023-12-03T01:00:00+08:00,已结束,112,TL,111,SMG,2,1,淘汰赛,BO3,竞技模式,,
1000306,1000012,2023改变者全球冠军赛,败者组决赛,2023-12-03T04:00:00+08:00,已结束,114,G2,112,TL,0,2,淘汰赛,BO3,竞技模式,,
1000307,1000012,2023改变者全球冠军赛,总决赛,2023-12-04T01:00:00+08:00,已结束,115,SR,112,TL,3,2,淘汰赛,BO5,竞技模式,,
1000308,1000013,2023CN联赛晋升赛,A组胜者组第一轮,2023-12-23T12:00:00+08:00,已结束,64,NIP,4,NWG,0,2,小组赛,BO3,竞技模式,,
1000309,1000013,2023CN联赛晋升赛,A组胜者组第一轮,2023-12-23T14:00:00+08:00,已结束,23,RA,49,KBG,2,0,小组赛,BO3,竞技模式,,
1000310,1000013,2023CN联赛晋升赛,B组胜者组第一轮,2023-12-23T16:00:00+08:00,已结束,25,DRG,76,17,2,1,小组赛,BO3,竞技模式,,
1000311,1000013,2023CN联赛晋升赛,B组胜者组第一轮,2023-12-23T18:00:00+08:00,已结束,1,ASE,26,4AM,2,0,小组赛,BO3,竞技模式,,
1000312,1000013,2023CN联赛晋升赛,A组败者组第一轮,2023-12-24T12:00:00+08:00,已结束,64,NIP,49,KBG,2,1,小组赛,BO3,竞技模式,,
1000313,1000013,2023CN联赛晋升赛,A组胜者组决赛,2023-12-24T14:00:00+08:00,已结束,4,NWG,23,RA,0,2,小组赛,BO3,竞技模式,,
1000314,1000013,2023CN联赛晋升赛,B组败者组第一轮,2023-12-24T16:00:00+08:00,已结束,76,17,26,4AM,1,2,小组赛,BO3,竞技模式,,
1000315,1000013,2023CN联赛晋升赛,B组胜者组决赛,2023-12-24T18:00:00+08:00,已结束,25,DRG,1,ASE,0,2,小组赛,BO3,竞技模式,,
1000316,1000013,2023CN联赛晋升赛,A组败者组决赛,2023-12-25T17:00:00+08:00,已结束,64,NIP,4,NWG,2,0,小组赛,BO3,竞技模式,,
1000317,1000013,2023CN联赛晋升赛,B组败者组决赛,2023-12-25T19:00:00+08:00,已结束,26,4AM,25,DRG,1,2,小组赛,BO3,竞技模式,,
1000318,1000013,2023CN联赛晋升赛,胜者组半决赛,2023-12-27T17:00:00+08:00,已结束,1,ASE,64,NIP,2,0,淘汰赛,BO3,竞技模式,,
1000319,1000013,2023CN联赛晋升赛,胜者组半决赛,2023-12-27T19:00:00+08:00,已结束,23,RA,25,DRG,2,0,淘汰赛,BO3,竞技模式,,
1000320,1000013,2023CN联赛晋升赛,败者组第一轮,2023-12-28T17:00:00+08:00,已结束,64,NIP,25,DRG,0,2,淘汰赛,BO3,竞技模式,,
1000321,1000013,2023CN联赛晋升赛,胜者组决赛,2023-12-28T19:00:00+08:00,已结束,1,ASE,23,RA,0,2,淘汰赛,BO3,竞技模式,,
1000322,1000013,2023CN联赛晋升赛,败者组决赛,2023-12-29T17:00:00+08:00,已结束,1,ASE,25,DRG,2,3,淘汰赛,BO5,竞技模式,,
1000323,1000013,2023CN联赛晋升赛,总决赛,2023-12-30T17:00:00+08:00,已结束,23,RA,25,DRG,1,3,淘汰赛,BO5,竞技模式,,
1000337,1000014,VCT CN 启点赛,A组胜者组第一轮,2024-02-22T17:00:00+08:00,已结束,37,TE,8,TYL,2,0,小组赛,BO3,竞技模式,,
1000338,1000014,VCT CN 启点赛,A组胜者组第一轮,2024-02-22T19:00:00+08:00,已结束,11,FPX,30,NOVA,2,0,小组赛,BO3,竞技模式,,
1000339,1000014,VCT CN 启点赛,B组胜者组第一轮,2024-02-23T15:00:00+08:00,已结束,74,JDG,48,TEC,0,2,小组赛,BO3,竞技模式,,
1000340,1000014,VCT CN 启点赛,B组胜者组第一轮,2024-02-23T17:00:00+08:00,已结束,25,DRG,40,AG,2,0,小组赛,BO3,竞技模式,,
1000341,1000014,VCT CN 启点赛,C组胜者组第一轮,2024-02-23T19:00:00+08:00,已结束,21,BLG,101,WOL,0,2,小组赛,BO3,竞技模式,,
1000342,1000014,VCT CN 启点赛,B组败者组第一轮,2024-02-24T17:00:00+08:00,已结束,8,TYL,30,NOVA,0,2,小组赛,BO3,竞技模式,,
1000343,1000014,VCT CN 启点赛,B组败者组第一轮,2024-02-24T19:00:00+08:00,已结束,74,JDG,40,AG,2,0,小组赛,BO3,竞技模式,,
1000344,1000014,VCT CN 启点赛,A组胜者组决赛,2024-02-25T15:00:00+08:00,已结束,37,TE,11,FPX,1,2,小组赛,BO3,竞技模式,,
1000345,1000014,VCT CN 启点赛,B组胜者组决赛,2024-02-25T17:00:00+08:00,已结束,48,TEC,25,DRG,1,2,小组赛,BO3,竞技模式,,
1000346,1000014,VCT CN 启点赛,C组胜者组决赛,2024-02-25T19:00:00+08:00,已结束,5,EDG,101,WOL,2,1,小组赛,BO3,竞技模式,,
1000347,1000014,VCT CN 启点赛,A组败者组决赛,2024-02-26T15:00:00+08:00,已结束,37,TE,30,NOVA,2,0,小组赛,BO3,竞技模式,,
1000348,1000014,VCT CN 启点赛,B组败者组决赛,2024-02-26T17:00:00+08:00,已结束,48,TEC,74,JDG,2,1,小组赛,BO3,竞技模式,,
1000349,1000014,VCT CN 启点赛,C组败者组决赛,2024-02-26T19:00:00+08:00,已结束,101,WOL,21,BLG,0,2,小组赛,BO3,竞技模式,,
1000350,1000014,VCT CN 启点赛,突围赛,2024-02-27T15:00:00+08:00,已结束,37,TE,48,TEC,2,1,突围赛,BO3,竞技模式,,
1000351,1000014,VCT CN 启点赛,突围赛,2024-02-27T17:00:00+08:00,已结束,48,TEC,21,BLG,0,2,突围赛,BO3,竞技模式,,
1000352,1000014,VCT CN 启点赛,突围赛,2024-02-27T19:00:00+08:00,已结束,37,TE,21,BLG,2,1,突围赛,BO3,竞技模式,,
1000353,1000014,VCT CN 启点赛,半决赛,2024-03-01T17:00:00+08:00,已结束,11,FPX,25,DRG,2,0,半决赛,BO3,竞技模式,,
1000354,1000014,VCT CN 启点赛,半决赛,2024-03-01T20:00:00+08:00,已结束,5,EDG,37,TE,2,0,半决赛,BO3,竞技模式,,
1000355,1000014,VCT CN 启点赛,总决赛,2024-03-02T17:00:00+08:00,已结束,11,FPX,5,EDG,1,3,总决赛,BO5,竞技模式,,
1000384,1000015,马德里大师赛,瑞士轮 第一轮,2024-03-14T23:00:00+08:00,已结束,11,FPX,118,KC,0,2,小组赛,BO3,竞技模式,,
1000385,1000015,马德里大师赛,瑞士轮 第一轮,2024-03-15T02:00:00+08:00,已结束,120,GEN,55,LOUD,2,1,小组赛,BO3,竞技模式,,
1000386,1000015,马德里大师赛,瑞士轮 第一轮,2024-03-15T23:00:00+08:00,已结束,5,EDG,58,PRX,2,1,小组赛,BO3,竞技模式,,
1000387,1000015,马德里大师赛,瑞士轮 第一轮,2024-03-16T02:00:00+08:00,已结束,117,SEN,119,TH,2,1,小组赛,BO3,竞技模式,,
1000396,1000015,马德里大师赛,瑞士轮 第二轮 1-0 组,2024-03-16T23:00:00+08:00,已结束,117,SEN,118,KC,2,0,小组赛,BO3,竞技模式,,
1000397,1000015,马德里大师赛,瑞士轮 第二轮 1-0 组,2024-03-17T02:00:00+08:00,已结束,5,EDG,120,GEN,1,2,小组赛,BO3,竞技模式,,
1000398,1000015,马德里大师赛,瑞士轮 第二轮 0-1 组,2024-03-17T23:00:00+08:00,已结束,11,FPX,55,LOUD,0,2,小组赛,BO3,竞技模式,,
1000399,1000015,马德里大师赛,瑞士轮 第二轮 0-1 组,2024-03-18T02:00:00+08:00,已结束,119,TH,58,PRX,1,2,小组赛,BO3,竞技模式,,
1000388,1000015,马德里大师赛,瑞士轮 第三轮,2024-03-18T23:00:00+08:00,已结束,5,EDG,55,LOUD,0,2,小组赛,BO3,竞技模式,,
1000389,1000015,马德里大师赛,瑞士轮 第三轮,2024-03-19T02:00:00+08:00,已结束,58,PRX,118,KC,2,1,小组赛,BO3,竞技模式,,
1000390,1000015,马德里大师赛,胜者组半决赛,2024-03-21T23:00:00+08:00,已结束,58,PRX,120,GEN,0,2,淘汰赛,BO3,竞技模式,,
1000391,1000015,马德里大师赛,胜者组半决赛,2024-03-22T02:00:00+08:00,已结束,55,LOUD,117,SEN,1,2,淘汰赛,BO3,竞技模式,,
1000392,1000015,马德里大师赛,胜者组决赛,2024-03-22T23:00:00+08:00,已结束,120,GEN,117,SEN,2,1,淘汰赛,BO3,竞技模式,,
1000393,1000015,马德里大师赛,败者组半决赛,2024-03-23T02:00:00+08:00,已结束,58,PRX,55,LOUD,2,0,淘汰赛,BO3,竞技模式,,
1000394,1000015,马德里大师赛,败者组决赛,2024-03-23T23:00:00+08:00,已结束,117,SEN,58,PRX,3,1,淘汰赛,BO5,竞技模式,,
1000395,1000015,马德里大师赛,总决赛,2024-03-24T23:00:00+08:00,已结束,120,GEN,117,SEN,2,3,淘汰赛,BO5,竞技模式,,
1000400,1000016,2024 VCT CN联赛第一赛段,常规赛 第一周,2024-04-05T17:00:00+08:00,已结束,21,BLG,8,TYL,2,1,常规赛,BO3,竞技模式,,
1000401,1000016,2024 VCT CN联赛第一赛段,常规赛 第一周,2024-04-05T19:00:00+08:00,已结束,101,WOL,48,TEC,1,2,常规赛,BO3,竞技模式,,
1000402,1000016,2024 VCT CN联赛第一赛段,常规赛 第一周,2024-04-06T17:00:00+08:00,已结束,25,DRG,40,AG,1,2,常规赛,BO3,竞技模式,,
1000403,1000016,2024 VCT CN联赛第一赛段,常规赛 第一周,2024-04-06T19:00:00+08:00,已结束,5,EDG,74,京东MALL JDG,2,1,常规赛,BO3,竞技模式,,
1000404,1000016,2024 VCT CN联赛第一赛段,常规赛 第一周,2024-04-07T17:00:00+08:00,已结束,30,NOVA,37,TE,0,2,常规赛,BO3,竞技模式,,
1000405,1000016,2024 VCT CN联赛第一赛段,常规赛 第一周,2024-04-07T19:00:00+08:00,已结束,11,FPX,101,WOL,2,0,常规赛,BO3,竞技模式,,
1000406,1000016,2024 VCT CN联赛第一赛段,常规赛 第二周,2024-04-12T17:00:00+08:00,已结束,74,京东MALL JDG,30,NOVA,1,2,常规赛,BO3,竞技模式,,
1000407,1000016,2024 VCT CN联赛第一赛段,常规赛 第二周,2024-04-12T19:00:00+08:00,已结束,11,FPX,25,DRG,2,1,常规赛,BO3,竞技模式,,
1000408,1000016,2024 VCT CN联赛第一赛段,常规赛 第二周,2024-04-13T17:00:00+08:00,已结束,40,AG,101,WOL,0,2,常规赛,BO3,竞技模式,,
1000409,1000016,2024 VCT CN联赛第一赛段,常规赛 第二周,2024-04-13T19:00:00+08:00,已结束,37,TE,21,BLG,2,1,常规赛,BO3,竞技模式,,
1000410,1000016,2024 VCT CN联赛第一赛段,常规赛 第二周,2024-04-14T17:00:00+08:00,已结束,25,DRG,48,TEC,2,1,常规赛,BO3,竞技模式,,
1000411,1000016,2024 VCT CN联赛第一赛段,常规赛 第二周,2024-04-14T19:00:00+08:00,已结束,8,TYL,5,EDG,0,2,常规赛,BO3,竞技模式,,
1000412,1000016,2024 VCT CN联赛第一赛段,常规赛 第三周,2024-04-19T17:00:00+08:00,已结束,101,WOL,37,TE,0,2,常规赛,BO3,竞技模式,,
1000413,1000016,2024 VCT CN联赛第一赛段,常规赛 第三周,2024-04-19T19:00:00+08:00,已结束,30,NOVA,11,FPX,0,2,常规赛,BO3,竞技模式,,
1000414,1000016,2024 VCT CN联赛第一赛段,常规赛 第三周,2024-04-20T17:00:00+08:00,已结束,21,BLG,40,AG,0,2,常规赛,BO3,竞技模式,,
1000415,1000016,2024 VCT CN联赛第一赛段,常规赛 第三周,2024-04-20T19:00:00+08:00,已结束,25,DRG,74,京东MALL JDG,2,1,常规赛,BO3,竞技模式,,
1000416,1000016,2024 VCT CN联赛第一赛段,常规赛 第三周,2024-04-21T17:00:00+08:00,已结束,8,TYL,30,NOVA,2,1,常规赛,BO3,竞技模式,,
1000417,1000016,2024 VCT CN联赛第一赛段,常规赛 第三周,2024-04-21T19:00:00+08:00,已结束,5,EDG,48,TEC,2,0,常规赛,BO3,竞技模式,,
1000418,1000016,2024 VCT CN联赛第一赛段,常规赛 第四周,2024-04-26T17:00:00+08:00,已结束,48,TEC,21,BLG,2,1,常规赛,BO3,竞技模式,,
1000419,1000016,2024 VCT CN联赛第一赛段,常规赛 第四周,2024-04-26T19:00:00+08:00,已结束,37,TE,25,DRG,0,2,常规赛,BO3,竞技模式,,
1000420,1000016,2024 VCT CN联赛第一赛段,常规赛 第四周,2024-04-27T17:00:00+08:00,已结束,8,TYL,101,WOL,1,2,常规赛,BO3,竞技模式,,
1000421,1000016,2024 VCT CN联赛第一赛段,常规赛 第四周,2024-04-27T19:00:00+08:00,已结束,11,FPX,5,EDG,2,1,常规赛,BO3,竞技模式,,
1000422,1000016,2024 VCT CN联赛第一赛段,常规赛 第四周,2024-04-28T17:00:00+08:00,已结束,40,AG,30,NOVA,2,1,常规赛,BO3,竞技模式,,
1000423,1000016,2024 VCT CN联赛第一赛段,常规赛 第四周,2024-04-28T19:00:00+08:00,已结束,21,BLG,74,京东MALL JDG,2,0,常规赛,BO3,竞技模式,,
1000424,1000016,2024 VCT CN联赛第一赛段,常规赛 第五周,2024-05-02T19:00:00+08:00,已结束,5,EDG,40,AG,2,0,常规赛,BO3,竞技模式,,
1000425,1000016,2024 VCT CN联赛第一赛段,常规赛 第五周,2024-05-03T19:00:00+08:00,已结束,101,WOL,74,京东MALL JDG,0,2,常规赛,BO3,竞技模式,,
1000426,1000016,2024 VCT CN联赛第一赛段,常规赛 第五周,2024-05-04T17:00:00+08:00,已结束,25,DRG,8,TYL,0,2,常规赛,BO3,竞技模式,,
1000427,1000016,2024 VCT CN联赛第一赛段,常规赛 第五周,2024-05-04T19:00:00+08:00,已结束,21,BLG,11,FPX,0,2,常规赛,BO3,竞技模式,,
1000428,1000016,2024 VCT CN联赛第一赛段,常规赛 第五周,2024-05-05T17:00:00+08:00,已结束,30,NOVA,48,TEC,2,0,常规赛,BO3,竞技模式,,
1000429,1000016,2024 VCT CN联赛第一赛段,常规赛 第五周,2024-05-05T19:00:00+08:00,已结束,37,TE,5,EDG,0,2,常规赛,BO3,竞技模式,,
1000468,1000016,2024 VCT CN联赛第一赛段,Playoffs D1,2024-05-08T17:00:00+08:00,已结束,37,TE,40,AG,2,0,,BO3,竞技模式,,
1000469,1000016,2024 VCT CN联赛第一赛段,Playoffs D1,2024-05-08T19:00:00+08:00,已结束,25,DRG,30,NOVA,2,0,,BO3,竞技模式,,
1000470,1000016,2024 VCT CN联赛第一赛段,胜者组半决赛,2024-05-09T17:00:00+08:00,已结束,11,FPX,37,TE,2,0,,BO3,竞技模式,,
1000471,1000016,2024 VCT CN联赛第一赛段,胜者组半决赛,2024-05-09T19:00:00+08:00,已结束,5,EDG,25,DRG,2,0,,BO3,竞技模式,,
1000472,1000016,2024 VCT CN联赛第一赛段,胜者组决赛,2024-05-10T17:00:00+08:00,已结束,11,FPX,5,EDG,2,0,,BO3,竞技模式,,
1000473,1000016,2024 VCT CN联赛第一赛段,败者组半决赛,2024-05-10T19:00:00+08:00,已结束,37,TE,25,DRG,1,2,,BO3,竞技模式,,
1000474,1000016,2024 VCT CN联赛第一赛段,败者组决赛,2024-05-11T17:00:00+08:00,已结束,5,EDG,25,DRG,3,1,,BO5,竞技模式,,
1000475,1000016,2024 VCT CN联赛第一赛段,总决赛,2024-05-12T17:00:00+08:00,已结束,11,FPX,5,EDG,1,3,,BO5,竞技模式,,
1000481,1000017,上海大师赛,瑞士轮 第一轮,2024-05-23T16:00:00+08:00,已结束,123,G2,60,T1,2,1,瑞士轮,BO3,竞技模式,,
1000482,1000017,上海大师赛,瑞士轮 第一轮,2024-05-23T19:00:00+08:00,已结束,11,FPX,53,FUT,2,1,瑞士轮,BO3,竞技模式,,
1000483,1000017,上海大师赛,瑞士轮 第一轮,2024-05-24T16:00:00+08:00,已结束,120,GEN,121,LEV,2,1,瑞士轮,BO3,竞技模式,,
1000484,1000017,上海大师赛,瑞士轮 第一轮,2024-05-24T19:00:00+08:00,已结束,119,TH,25,DRG,2,0,瑞士轮,BO3,竞技模式,,
1000485,1000017,上海大师赛,瑞士轮 第二轮 1-0 组,2024-05-25T16:00:00+08:00,已结束,11,FPX,120,GEN,1,2,瑞士轮,BO3,竞技模式,,
1000486,1000017,上海大师赛,瑞士轮 第二轮 1-0 组,2024-05-25T19:00:00+08:00,已结束,123,G2,119,TH,2,1,瑞士轮,BO3,竞技模式,,
1000487,1000017,上海大师赛,瑞士轮 第二轮 0-1 组,2024-05-26T16:00:00+08:00,已结束,121,LEV,60,T1,2,0,瑞士轮,BO3,竞技模式,,
1000488,1000017,上海大师赛,瑞士轮 第二轮 0-1 组,2024-05-26T19:00:00+08:00,已结束,25,DRG,53,FUT,0,2,瑞士轮,BO3,竞技模式,,
1000489,1000017,上海大师赛,瑞士轮 第三轮,2024-05-27T16:00:00+08:00,已结束,11,FPX,119,TH,1,2,瑞士轮,BO3,竞技模式,,
1000490,1000017,上海大师赛,瑞士轮 第三轮,2024-05-27T19:00:00+08:00,已结束,53,FUT,121,LEV,2,1,瑞士轮,BO3,竞技模式,,
1000491,1000017,上海大师赛,胜者组第一轮,2024-05-30T16:00:00+08:00,已结束,122,100T,53,FUT,2,0,淘汰赛,BO3,竞技模式,,
1000492,1000017,上海大师赛,胜者组第一轮,2024-05-30T19:00:00+08:00,已结束,51,FNC,120,GEN,1,2,淘汰赛,BO3,竞技模式,,
1000493,1000017,上海大师赛,胜者组第一轮,2024-05-31T16:00:00+08:00,已结束,58,PRX,123,G2,1,2,淘汰赛,BO3,竞技模式,,
1000494,1000017,上海大师赛,胜者组第一轮,2024-05-31T19:00:00+08:00,已结束,5,EDG,119,TH,0,2,淘汰赛,BO3,竞技模式,,
1000495,1000017,上海大师赛,败者组第一轮,2024-06-01T16:00:00+08:00,已结束,53,FUT,51,FNC,2,1,淘汰赛,BO3,竞技模式,,
1000496,1000017,上海大师赛,败者组第一轮,2024-06-01T19:00:00+08:00,已结束,58,PRX,5,EDG,2,0,淘汰赛,BO3,竞技模式,,
1000497,1000017,上海大师赛,胜者组第二轮,2024-06-02T16:00:00+08:00,已结束,122,100T,120,GEN,0,2,淘汰赛,BO3,竞技模式,,
1000498,1000017,上海大师赛,胜者组第二轮,2024-06-02T19:00:00+08:00,已结束,123,G2,119,TH,2,1,淘汰赛,BO3,竞技模式,,
1000500,1000017,上海大师赛,败者组第二轮,2024-06-03T16:00:00+08:00,已结束,122,100T,58,PRX,2,1,淘汰赛,BO3,竞技模式,,
1000499,1000017,上海大师赛,败者组第二轮,2024-06-03T19:00:00+08:00,已结束,119,TH,53,FUT,2,0,淘汰赛,BO3,竞技模式,,
1000501,1000017,上海大师赛,胜者组决赛,2024-06-07T15:00:00+08:00,已结束,120,GEN,123,G2,2,0,淘汰赛,BO3,竞技模式,,
1000502,1000017,上海大师赛,败者组半决赛,2024-06-07T18:00:00+08:00,已结束,119,TH,122,100T,2,0,淘汰赛,BO3,竞技模式,,
1000503,1000017,上海大师赛,败者组决赛,2024-06-08T15:00:00+08:00,已结束,123,G2,119,TH,0,3,淘汰赛,BO5,竞技模式,,
1000504,1000017,上海大师赛,总决赛,2024-06-09T15:00:00+08:00,已结束,120,GEN,119,TH,3,2,淘汰赛,BO5,竞技模式,,
1000522,1000018,2024 VCT CN 联赛第二赛段,常规赛 第一周,2024-06-15T19:00:00+08:00,已结束,48,TEC,74,JDG,0,2,常规赛,BO3,竞技模式,,
1000523,1000018,2024 VCT CN 联赛第二赛段,常规赛 第一周,2024-06-16T17:00:00+08:00,已结束,40,AG,8,TYL,2,0,常规赛,BO3,竞技模式,,
1000524,1000018,2024 VCT CN 联赛第二赛段,常规赛 第一周,2024-06-16T19:00:00+08:00,已结束,21,BLG,101,WOL,2,0,常规赛,BO3,竞技模式,,
1000525,1000018,2024 VCT CN 联赛第二赛段,常规赛 第二周,2024-06-21T17:00:00+08:00,已结束,25,DRG,30,NOVA,1,2,常规赛,BO3,竞技模式,,
1000526,1000018,2024 VCT CN 联赛第二赛段,常规赛 第二周,2024-06-21T19:00:00+08:00,已结束,11,FPX,37,TE,1,2,常规赛,BO3,竞技模式,,
1000527,1000018,2024 VCT CN 联赛第二赛段,常规赛 第二周,2024-06-22T17:00:00+08:00,已结束,48,TEC,40,AG,0,2,常规赛,BO3,竞技模式,,
1000528,1000018,2024 VCT CN 联赛第二赛段,常规赛 第二周,2024-06-22T19:00:00+08:00,已结束,5,EDG,101,WOL,1,2,常规赛,BO3,竞技模式,,
1000529,1000018,2024 VCT CN 联赛第二赛段,常规赛 第二周,2024-06-23T17:00:00+08:00,已结束,8,TYL,37,TE,1,2,常规赛,BO3,竞技模式,,
1000530,1000018,2024 VCT CN 联赛第二赛段,常规赛 第二周,2024-06-23T19:00:00+08:00,已结束,30,NOVA,21,BLG,1,2,常规赛,BO3,竞技模式,,
1000531,1000018,2024 VCT CN 联赛第二赛段,常规赛 第三周,2024-06-26T19:00:00+08:00,已结束,74,JDG,11,FPX,0,2,常规赛,BO3,竞技模式,,
1000532,1000018,2024 VCT CN 联赛第二赛段,常规赛 第三周,2024-06-27T19:00:00+08:00,已结束,5,EDG,25,DRG,0,2,常规赛,BO3,竞技模式,,
1000533,1000018,2024 VCT CN 联赛第二赛段,常规赛 第三周,2024-06-28T17:00:00+08:00,已结束,30,NOVA,101,WOL,2,0,常规赛,BO3,竞技模式,,
1000534,1000018,2024 VCT CN 联赛第二赛段,常规赛 第三周,2024-06-28T19:00:00+08:00,已结束,74,JDG,37,TE,2,1,常规赛,BO3,竞技模式,,
1000535,1000018,2024 VCT CN 联赛第二赛段,常规赛 第三周,2024-06-29T17:00:00+08:00,已结束,48,TEC,8,TYL,1,2,常规赛,BO3,竞技模式,,
1000536,1000018,2024 VCT CN 联赛第二赛段,常规赛 第三周,2024-06-29T19:00:00+08:00,已结束,40,AG,11,FPX,1,2,常规赛,BO3,竞技模式,,
1000537,1000018,2024 VCT CN 联赛第二赛段,常规赛 第三周,2024-06-30T17:00:00+08:00,已结束,21,BLG,25,DRG,2,0,常规赛,BO3,竞技模式,,
1000538,1000018,2024 VCT CN 联赛第二赛段,常规赛 第三周,2024-06-30T19:00:00+08:00,已结束,5,EDG,30,NOVA,2,0,常规赛,BO3,竞技模式,,
1000539,1000018,2024 VCT CN 联赛第二赛段,常规赛 第四周,2024-07-03T19:00:00+08:00,已结束,40,AG,37,TE,0,2,常规赛,BO3,竞技模式,,
1000540,1000018,2024 VCT CN 联赛第二赛段,常规赛 第四周,2024-07-04T19:00:00+08:00,已结束,48,TEC,11,FPX,2,0,常规赛,BO3,竞技模式,,
1000541,1000018,2024 VCT CN 联赛第二赛段,常规赛 第四周,2024-07-05T17:00:00+08:00,已结束,8,TYL,74,JDG,0,2,常规赛,BO3,竞技模式,,
1000542,1000018,2024 VCT CN 联赛第二赛段,常规赛 第四周,2024-07-05T19:00:00+08:00,已结束,25,DRG,101,WOL,0,2,常规赛,BO3,竞技模式,,
1000543,1000018,2024 VCT CN 联赛第二赛段,常规赛 第四周,2024-07-06T17:00:00+08:00,已结束,37,TE,48,TEC,2,1,常规赛,BO3,竞技模式,,
1000544,1000018,2024 VCT CN 联赛第二赛段,常规赛 第四周,2024-07-06T19:00:00+08:00,已结束,5,EDG,21,BLG,2,0,常规赛,BO3,竞技模式,,
1000545,1000018,2024 VCT CN 联赛第二赛段,常规赛 第四周,2024-07-07T17:00:00+08:00,已结束,74,JDG,40,AG,2,0,常规赛,BO3,竞技模式,,
1000546,1000018,2024 VCT CN 联赛第二赛段,常规赛 第四周,2024-07-07T19:00:00+08:00,已结束,8,TYL,11,FPX,2,1,常规赛,BO3,竞技模式,,
1000569,1000018,2024 VCT CN 联赛第二赛段,季后赛首轮,2024-07-16T16:00:00+08:00,已结束,37,TE,40,AG,2,0,季后赛,BO3,竞技模式,,
1000570,1000018,2024 VCT CN 联赛第二赛段,季后赛首轮,2024-07-16T18:00:00+08:00,已结束,74,JDG,21,BLG,0,2,季后赛,BO3,竞技模式,,
1000571,1000018,2024 VCT CN 联赛第二赛段,胜者组半决赛,2024-07-17T16:00:00+08:00,已结束,11,FPX,37,TE,0,2,季后赛,BO3,竞技模式,,
1000572,1000018,2024 VCT CN 联赛第二赛段,胜者组半决赛,2024-07-17T18:00:00+08:00,已结束,5,EDG,21,BLG,2,1,季后赛,BO3,竞技模式,,
1000573,1000018,2024 VCT CN 联赛第二赛段,胜者组决赛,2024-07-18T16:00:00+08:00,已结束,37,TE,5,EDG,0,2,季后赛,BO3,竞技模式,,
1000574,1000018,2024 VCT CN 联赛第二赛段,败者组半决赛,2024-07-18T18:00:00+08:00,已结束,11,FPX,21,BLG,2,1,季后赛,BO3,竞技模式,,
1000575,1000018,2024 VCT CN 联赛第二赛段,败者组决赛,2024-07-19T16:00:00+08:00,已结束,37,TE,11,FPX,2,3,季后赛,BO5,竞技模式,,
1000576,1000018,2024 VCT CN 联赛第二赛段,总决赛,2024-07-20T16:30:00+08:00,已结束,5,EDG,11,FPX,3,2,季后赛,BO5,竞技模式,,
1000590,1000020,2024无畏契约全球冠军赛,小组赛第一轮,2024-08-01T16:00:00+08:00,已结束,120,GEN,117,SEN,2,0,小组赛,BO3,竞技模式,,
1000591,1000020,2024无畏契约全球冠军赛,小组赛第一轮,2024-08-01T19:00:00+08:00,已结束,11,FPX,119,TH,1,2,小组赛,BO3,竞技模式,,
1000588,1000020,2024无畏契约全球冠军赛,小组赛第一轮,2024-08-02T16:00:00+08:00,已结束,59,DRX,65,KRÜ,2,1,小组赛,BO3,竞技模式,,
1000589,1000020,2024无畏契约全球冠军赛,小组赛第一轮,2024-08-02T19:00:00+08:00,已结束,51,FNC,21,BLG,2,0,小组赛,BO3,竞技模式,,
1000592,1000020,2024无畏契约全球冠军赛,小组赛第一轮,2024-08-03T16:00:00+08:00,已结束,121,LEV,127,TLN,2,0,小组赛,BO3,竞技模式,,
1000593,1000020,2024无畏契约全球冠军赛,小组赛第一轮,2024-08-03T19:00:00+08:00,已结束,126,VIT,37,TE,1,2,小组赛,BO3,竞技模式,,
1000594,1000020,2024无畏契约全球冠军赛,小组赛第一轮,2024-08-04T16:00:00+08:00,已结束,123,G2,58,PRX,2,0,小组赛,BO3,竞技模式,,
1000595,1000020,2024无畏契约全球冠军赛,小组赛第一轮,2024-08-04T19:00:00+08:00,已结束,5,EDG,53,FUT,2,0,小组赛,BO3,竞技模式,,
1000597,1000020,2024无畏契约全球冠军赛,B组胜者组决赛,2024-08-06T16:00:00+08:00,已结束,120,GEN,119,TH,1,2,小组赛,BO3,竞技模式,,
1000596,1000020,2024无畏契约全球冠军赛,A组胜者组决赛,2024-08-06T19:00:00+08:00,已结束,59,DRX,51,FNC,2,0,小组赛,BO3,竞技模式,,
1000598,1000020,2024无畏契约全球冠军赛,C组胜者组决赛,2024-08-07T16:00:00+08:00,已结束,121,LEV,37,TE,1,2,小组赛,BO3,竞技模式,,
1000599,1000020,2024无畏契约全球冠军赛,D组胜者组决赛,2024-08-07T19:00:00+08:00,已结束,123,G2,5,EDG,2,1,小组赛,BO3,竞技模式,,
1000601,1000020,2024无畏契约全球冠军赛,B组败者组第一轮,2024-08-08T16:00:00+08:00,已结束,117,SEN,11,FPX,2,0,小组赛,BO3,竞技模式,,
1000600,1000020,2024无畏契约全球冠军赛,A组败者组第一轮,2024-08-08T19:00:00+08:00,已结束,65,KRÜ,21,BLG,2,0,小组赛,BO3,竞技模式,,
1000602,1000020,2024无畏契约全球冠军赛,C组败者组第一轮,2024-08-09T16:00:00+08:00,已结束,127,TLN,126,VIT,0,2,小组赛,BO3,竞技模式,,
1000603,1000020,2024无畏契约全球冠军赛,D组败者组第一轮,2024-08-09T19:00:00+08:00,已结束,58,PRX,53,FUT,2,0,小组赛,BO3,竞技模式,,
1000605,1000020,2024无畏契约全球冠军赛,B组败者组决赛,2024-08-10T16:00:00+08:00,已结束,120,GEN,117,SEN,0,2,小组赛,BO3,竞技模式,,
1000604,1000020,2024无畏契约全球冠军赛,A组败者组决赛,2024-08-10T19:00:00+08:00,已结束,51,FNC,65,KRÜ,2,1,小组赛,BO3,竞技模式,,
1000606,1000020,2024无畏契约全球冠军赛,C组败者组决赛,2024-08-11T16:00:00+08:00,已结束,121,LEV,126,VIT,2,0,小组赛,BO3,竞技模式,,
1000607,1000020,2024无畏契约全球冠军赛,D组败者组决赛,2024-08-11T19:00:00+08:00,已结束,5,EDG,58,PRX,2,1,小组赛,BO3,竞技模式,,
1000608,1000020,2024无畏契约全球冠军赛,淘汰赛首轮,2024-08-14T16:00:00+08:00,已结束,59,DRX,117,SEN,0,2,淘汰赛,BO3,竞技模式,,
1000609,1000020,2024无畏契约全球冠军赛,淘汰赛首轮,2024-08-14T19:00:00+08:00,已结束,37,TE,5,EDG,0,2,淘汰赛,BO3,竞技模式,,
1000610,1000020,2024无畏契约全球冠军赛,淘汰赛首轮,2024-08-15T16:00:00+08:00,已结束,123,G2,121,LEV,0,2,淘汰赛,BO3,竞技模式,,
1000611,1000020,2024无畏契约全球冠军赛,淘汰赛首轮,2024-08-15T19:00:00+08:00,已结束,119,TH,51,FNC,2,0,淘汰赛,BO3,竞技模式,,
1000612,1000020,2024无畏契约全球冠军赛,败者组第一轮,2024-08-16T16:00:00+08:00,已结束,59,DRX,37,TE,2,0,淘汰赛,BO3,竞技模式,,
1000613,1000020,2024无畏契约全球冠军赛,败者组第一轮,2024-08-16T19:00:00+08:00,已结束,123,G2,51,FNC,0,2,淘汰赛,BO3,竞技模式,,
1000614,1000020,2024无畏契约全球冠军赛,胜者组第一轮,2024-08-17T16:00:00+08:00,已结束,117,SEN,5,EDG,1,2,淘汰赛,BO3,竞技模式,,
1000615,1000020,2024无畏契约全球冠军赛,胜者组第一轮,2024-08-17T19:00:00+08:00,已结束,121,LEV,119,TH,2,0,淘汰赛,BO3,竞技模式,,
1000616,1000020,2024无畏契约全球冠军赛,败者组第二轮,2024-08-18T16:00:00+08:00,已结束,117,SEN,51,FNC,2,1,淘汰赛,BO3,竞技模式,,
1000617,1000020,2024无畏契约全球冠军赛,败者组第二轮,2024-08-18T19:00:00+08:00,已结束,119,TH,59,DRX,2,1,淘汰赛,BO3,竞技模式,,
1000618,1000020,2024无畏契约全球冠军赛,胜者组决赛,2024-08-23T15:00:00+08:00,已结束,5,EDG,121,LEV,2,1,淘汰赛,BO3,竞技模式,,
1000619,1000020,2024无畏契约全球冠军赛,半决赛,2024-08-23T18:00:00+08:00,已结束,117,SEN,119,TH,1,2,半决赛,BO3,竞技模式,,
1000620,1000020,2024无畏契约全球冠军赛,败者组决赛,2024-08-24T15:00:00+08:00,已结束,121,LEV,119,TH,1,3,半决赛,BO5,竞技模式,,
1000621,1000020,2024无畏契约全球冠军赛,总决赛,2024-08-25T15:00:00+08:00,已结束,5,EDG,119,TH,3,2,总决赛,BO5,竞技模式,,
1000622,1000021,2024CN联赛晋升赛,A组第一轮,2024-09-11T17:00:00+08:00,已结束,128,ZYG,23,RA,0,2,小组赛,BO3,竞技模式,,
1000623,1000021,2024CN联赛晋升赛,A组第一轮,2024-09-11T19:00:00+08:00,已结束,80,XLG,134,XG,2,1,小组赛,BO3,竞技模式,,
1000624,1000021,2024CN联赛晋升赛,B组第一轮,2024-09-12T17:00:00+08:00,已结束,69,CCG,132,ALG,2,0,小组赛,BO3,竞技模式,,
1000625,1000021,2024CN联赛晋升赛,B组第一轮,2024-09-12T19:00:00+08:00,已结束,49,KBG,50,Q9,2,0,小组赛,BO3,竞技模式,,
1000628,1000021,2024CN联赛晋升赛,A组胜者组决赛,2024-09-13T17:00:00+08:00,已结束,23,RA,80,XLG,2,0,小组赛,BO3,竞技模式,,
1000629,1000021,2024CN联赛晋升赛,B组胜者组决赛,2024-09-13T19:00:00+08:00,已结束,69,CCG,49,KBG,2,0,小组赛,BO3,竞技模式,,
1000626,1000021,2024CN联赛晋升赛,A组败者组第一轮,2024-09-14T17:00:00+08:00,已结束,128,ZYG,134,XG,2,0,小组赛,BO3,竞技模式,,
1000627,1000021,2024CN联赛晋升赛,B组败者组第一轮,2024-09-14T19:00:00+08:00,已结束,132,ALG,50,Q9,2,1,小组赛,BO3,竞技模式,,
1000630,1000021,2024CN联赛晋升赛,A组败者组决赛,2024-09-15T17:00:00+08:00,已结束,80,XLG,128,ZYG,2,1,小组赛,BO3,竞技模式,,
1000631,1000021,2024CN联赛晋升赛,B组败者组决赛,2024-09-15T19:00:00+08:00,已结束,49,KBG,132,ALG,1,2,小组赛,BO3,竞技模式,,
1000632,1000021,2024CN联赛晋升赛,首轮比赛,2024-09-18T17:00:00+08:00,已结束,23,RA,132,ALG,2,0,,BO3,竞技模式,,
1000633,1000021,2024CN联赛晋升赛,首轮比赛,2024-09-18T19:00:00+08:00,已结束,69,CCG,80,XLG,0,2,,BO3,竞技模式,,
1000635,1000021,2024CN联赛晋升赛,胜者组决赛,2024-09-19T17:00:00+08:00,已结束,23,RA,80,XLG,2,1,,BO3,竞技模式,,
1000634,1000021,2024CN联赛晋升赛,败者组第一轮,2024-09-19T19:00:00+08:00,已结束,132,ALG,69,CCG,1,2,,BO3,竞技模式,,
1000636,1000021,2024CN联赛晋升赛,败者组决赛,2024-09-20T17:00:00+08:00,已结束,80,XLG,69,CCG,3,2,,BO5,竞技模式,,
1000637,1000021,2024CN联赛晋升赛,总决赛,2024-09-21T17:00:00+08:00,已结束,23,RA,80,XLG,0,3,,BO5,竞技模式,,
1000743,1000025,2024改变者全球冠军赛,胜者组第一轮,2024-11-08T20:00:00+08:00,已结束,116,KRÜ,105,ZETA,2,0,淘汰赛,BO3,竞技模式,,
1000744,1000025,2024改变者全球冠军赛,胜者组第一轮,2024-11-08T23:00:00+08:00,已结束,136,ALG,150,FLC,0,2,淘汰赛,BO3,竞技模式,,
1000745,1000025,2024改变者全球冠军赛,胜者组第一轮,2024-11-09T02:00:00+08:00,已结束,152,FLY,153,XIP,1,2,淘汰赛,BO3,竞技模式,,
1000746,1000025,2024改变者全球冠军赛,胜者组第二轮,2024-11-09T20:00:00+08:00,已结束,151,GX,154,MIBR,0,2,淘汰赛,BO3,竞技模式,,
1000747,1000025,2024改变者全球冠军赛,胜者组第二轮,2024-11-09T23:00:00+08:00,已结束,114,G2,116,KRÜ,2,1,淘汰赛,BO3,竞技模式,,
1000748,1000025,2024改变者全球冠军赛,胜者组第二轮,2024-11-10T02:00:00+08:00,已结束,115,SR,150,FLC,2,0,淘汰赛,BO3,竞技模式,,
1000749,1000025,2024改变者全球冠军赛,败者组第一轮,2024-11-10T23:00:00+08:00,已结束,152,FLY,105,ZETA,1,2,淘汰赛,BO3,竞技模式,,
1000750,1000025,2024改变者全球冠军赛,败者组第一轮,2024-11-11T02:00:00+08:00,已结束,151,GX,136,ALG,2,0,淘汰赛,BO3,竞技模式,,
1000751,1000025,2024改变者全球冠军赛,败者组第二轮,2024-11-11T23:00:00+08:00,已结束,150,FLC,105,ZETA,0,2,淘汰赛,BO3,竞技模式,,
1000752,1000025,2024改变者全球冠军赛,败者组第二轮,2024-11-12T02:00:00+08:00,已结束,116,KRÜ,151,GX,2,0,淘汰赛,BO3,竞技模式,,
1000753,1000025,2024改变者全球冠军赛,胜者组半决赛,2024-11-13T23:00:00+08:00,已结束,154,MIBR,114,G2,1,2,淘汰赛,BO3,竞技模式,,
1000754,1000025,2024改变者全球冠军赛,胜者组半决赛,2024-11-14T02:00:00+08:00,已结束,115,SR,153,XIP,2,0,淘汰赛,BO3,竞技模式,,
1000755,1000025,2024改变者全球冠军赛,败者组第三轮,2024-11-14T23:00:00+08:00,已结束,154,MIBR,105,ZETA,2,0,淘汰赛,BO3,竞技模式,,
1000757,1000025,2024改变者全球冠军赛,败者组第三轮,2024-11-15T02:00:00+08:00,已结束,153,XIP,116,KRÜ,2,1,淘汰赛,BO3,竞技模式,,
1000758,1000025,2024改变者全球冠军赛,胜者组决赛,2024-11-15T23:00:00+08:00,已结束,114,G2,115,SR,0,2,淘汰赛,BO3,竞技模式,,
1000759,1000025,2024改变者全球冠军赛,败者组半决赛,2024-11-16T02:00:00+08:00,已结束,154,MIBR,153,XIP,2,1,淘汰赛,BO3,竞技模式,,
1000756,1000025,2024改变者全球冠军赛,败者组决赛,2024-11-16T23:00:00+08:00,已结束,114,G2,154,MIBR,0,3,淘汰赛,BO5,竞技模式,,
1000760,1000025,2024改变者全球冠军赛,决赛,2024-11-17T23:00:00+08:00,已结束,115,SR,154,MIBR,3,0,淘汰赛,BO5,竞技模式,,
1000762,1000026,源能亚洲邀请赛,瑞士轮 第一轮,2024-11-21T17:00:00+08:00,已结束,37,TE,155,RRQ,0,2,瑞士轮,BO3,竞技模式,,
1000763,1000026,源能亚洲邀请赛,瑞士轮 第一轮,2024-11-21T19:00:00+08:00,已结束,58,PRX,120,GEN,1,2,瑞士轮,BO3,竞技模式,,
1000764,1000026,源能亚洲邀请赛,瑞士轮 第一轮,2024-11-22T17:00:00+08:00,已结束,59,DRX,21,BLG,2,0,瑞士轮,BO3,竞技模式,,
1000765,1000026,源能亚洲邀请赛,瑞士轮 第一轮,2024-11-22T19:00:00+08:00,已结束,5,EDG,106,DFM,1,2,瑞士轮,BO3,竞技模式,,
1000766,1000026,源能亚洲邀请赛,瑞士轮 第二轮 1-0 组,2024-11-23T17:00:00+08:00,已结束,120,GEN,59,DRX,1,2,瑞士轮,BO3,竞技模式,,
1000767,1000026,源能亚洲邀请赛,瑞士轮 第二轮 1-0 组,2024-11-23T19:00:00+08:00,已结束,155,RRQ,106,DFM,1,2,瑞士轮,BO3,竞技模式,,
1000768,1000026,源能亚洲邀请赛,瑞士轮 第二轮 0-1 组,2024-11-24T17:00:00+08:00,已结束,37,TE,21,BLG,2,1,瑞士轮,BO3,竞技模式,,
1000769,1000026,源能亚洲邀请赛,瑞士轮 第二轮 0-1 组,2024-11-24T19:00:00+08:00,已结束,5,EDG,58,PRX,1,2,瑞士轮,BO3,竞技模式,,
1000770,1000026,源能亚洲邀请赛,瑞士轮 第三轮,2024-11-25T17:00:00+08:00,已结束,37,TE,120,GEN,2,0,瑞士轮,BO3,竞技模式,,
1000771,1000026,源能亚洲邀请赛,瑞士轮 第三轮,2024-11-25T19:00:00+08:00,已结束,155,RRQ,58,PRX,1,2,瑞士轮,BO3,竞技模式,,
1000772,1000026,源能亚洲邀请赛,淘汰赛首轮,2024-11-28T17:00:00+08:00,已结束,59,DRX,58,PRX,1,2,四强双败淘汰赛,BO3,竞技模式,,
1000773,1000026,源能亚洲邀请赛,淘汰赛首轮,2024-11-28T19:00:00+08:00,已结束,106,DFM,37,TE,2,1,四强双败淘汰赛,BO3,竞技模式,,
1000774,1000026,源能亚洲邀请赛,胜者组决赛,2024-11-29T17:00:00+08:00,已结束,58,PRX,106,DFM,0,2,四强双败淘汰赛,BO3,竞技模式,,
1000775,1000026,源能亚洲邀请赛,败者组第一轮,2024-11-29T19:00:00+08:00,已结束,59,DRX,37,TE,0,2,四强双败淘汰赛,BO3,竞技模式,,
1000776,1000026,源能亚洲邀请赛,败者组决赛,2024-11-30T17:00:00+08:00,已结束,58,PRX,37,TE,3,0,四强双败淘汰赛,BO5,竞技模式,,
1000777,1000026,源能亚洲邀请赛,决赛,2024-12-01T17:00:00+08:00,已结束,106,DFM,58,PRX,1,3,四强双败淘汰赛,BO5,竞技模式,,
1000832,1000031,2025 VCT CN 启点赛,首轮比赛,2025-01-11T17:00:00+08:00,已结束,8,TYL,48,TEC,0,2,首轮比赛,BO3,竞技模式,,
1000833,1000031,2025 VCT CN 启点赛,首轮比赛,2025-01-11T19:00:00+08:00,已结束,80,XLG,101,WOL,2,0,首轮比赛,BO3,竞技模式,,
1000834,1000031,2025 VCT CN 启点赛,首轮比赛,2025-01-12T17:00:00+08:00,已结束,74,JDG,25,DRG,1,2,首轮比赛,BO3,竞技模式,,
1000835,1000031,2025 VCT CN 启点赛,首轮比赛,2025-01-12T19:00:00+08:00,已结束,40,AG,30,NOVA,0,2,首轮比赛,BO3,竞技模式,,
1000836,1000031,2025 VCT CN 启点赛,胜者组第二轮,2025-01-16T17:00:00+08:00,已结束,11,FPX,48,TEC,2,1,淘汰赛,BO3,竞技模式,,
1000837,1000031,2025 VCT CN 启点赛,胜者组第二轮,2025-01-16T19:00:00+08:00,已结束,21,BLG,80,XLG,2,1,淘汰赛,BO3,竞技模式,,
1000838,1000031,2025 VCT CN 启点赛,胜者组第二轮,2025-01-17T17:00:00+08:00,已结束,37,TE,25,DRG,2,0,淘汰赛,BO3,竞技模式,,
1000839,1000031,2025 VCT CN 启点赛,胜者组第二轮,2025-01-17T19:00:00+08:00,已结束,5,EDG,30,NOVA,2,0,淘汰赛,BO3,竞技模式,,
1000840,1000031,2025 VCT CN 启点赛,败者组第一轮,2025-01-18T17:00:00+08:00,已结束,48,TEC,74,JDG,0,2,淘汰赛,BO3,竞技模式,,
1000841,1000031,2025 VCT CN 启点赛,败者组第一轮,2025-01-18T19:00:00+08:00,已结束,80,XLG,40,AG,2,1,淘汰赛,BO3,竞技模式,,
1000842,1000031,2025 VCT CN 启点赛,败者组第一轮,2025-01-19T17:00:00+08:00,已结束,25,DRG,8,TYL,2,0,淘汰赛,BO3,竞技模式,,
1000843,1000031,2025 VCT CN 启点赛,败者组第一轮,2025-01-19T19:00:00+08:00,已结束,30,NOVA,101,WOL,2,1,淘汰赛,BO3,竞技模式,,
1000844,1000031,2025 VCT CN 启点赛,胜者组半决赛,2025-01-20T17:00:00+08:00,已结束,11,FPX,21,BLG,0,2,淘汰赛,BO3,竞技模式,,
1000845,1000031,2025 VCT CN 启点赛,胜者组半决赛,2025-01-20T19:00:00+08:00,已结束,37,TE,5,EDG,2,0,淘汰赛,BO3,竞技模式,,
1000846,1000031,2025 VCT CN 启点赛,败者组第二轮,2025-01-21T17:00:00+08:00,已结束,25,DRG,30,NOVA,2,0,淘汰赛,BO3,竞技模式,,
1000847,1000031,2025 VCT CN 启点赛,败者组第二轮,2025-01-21T19:00:00+08:00,已结束,74,JDG,80,XLG,1,2,淘汰赛,BO3,竞技模式,,
1000848,1000031,2025 VCT CN 启点赛,败者组第三轮,2025-01-22T17:00:00+08:00,已结束,11,FPX,25,DRG,1,2,淘汰赛,BO3,竞技模式,,
1000849,1000031,2025 VCT CN 启点赛,败者组第三轮,2025-01-22T19:00:00+08:00,已结束,5,EDG,80,XLG,2,1,淘汰赛,BO3,竞技模式,,
1000850,1000031,2025 VCT CN 启点赛,胜者组决赛,2025-01-23T17:00:00+08:00,已结束,21,BLG,37,TE,1,2,淘汰赛,BO3,竞技模式,,
1000851,1000031,2025 VCT CN 启点赛,败者组半决赛,2025-01-23T19:00:00+08:00,已结束,25,DRG,5,EDG,0,2,淘汰赛,BO3,竞技模式,,
1000852,1000031,2025 VCT CN 启点赛,败者组决赛,2025-01-24T17:00:00+08:00,已结束,21,BLG,5,EDG,0,3,淘汰赛,BO5,竞技模式,,
1000853,1000031,2025 VCT CN 启点赛,总决赛,2025-01-25T17:00:00+08:00,已结束,37,TE,5,EDG,1,3,淘汰赛,BO5,竞技模式,,
1000893,1000034,无畏契约进化者杯系列赛 第一幕  ,淘汰赛首轮,2025-02-08T17:00:00+08:00,已结束,8,TYL,40,AG,2,0,淘汰赛,BO3,竞技模式,,
1000894,1000034,无畏契约进化者杯系列赛 第一幕  ,淘汰赛首轮,2025-02-08T19:00:00+08:00,已结束,30,NOVA,37,TE,2,1,淘汰赛,BO3,竞技模式,,
1000895,1000034,无畏契约进化者杯系列赛 第一幕  ,淘汰赛首轮,2025-02-09T17:00:00+08:00,已结束,101,WOL,48,TEC,2,0,淘汰赛,BO3,竞技模式,,
1000896,1000034,无畏契约进化者杯系列赛 第一幕  ,淘汰赛首轮,2025-02-09T19:00:00+08:00,已结束,74,JDG,5,EDG,2,0,淘汰赛,BO3,竞技模式,,
1000897,1000034,无畏契约进化者杯系列赛 第一幕  ,四分之一决赛,2025-02-10T17:00:00+08:00,已结束,21,BLG,8,TYL,2,0,淘汰赛,BO3,竞技模式,,
1000898,1000034,无畏契约进化者杯系列赛 第一幕  ,四分之一决赛,2025-02-10T19:00:00+08:00,已结束,11,FPX,30,NOVA,0,2,淘汰赛,BO3,竞技模式,,
1000899,1000034,无畏契约进化者杯系列赛 第一幕  ,四分之一决赛,2025-02-11T17:00:00+08:00,已结束,25,DRG,101,WOL,1,2,淘汰赛,BO3,竞技模式,,
1000900,1000034,无畏契约进化者杯系列赛 第一幕  ,四分之一决赛,2025-02-11T19:00:00+08:00,已结束,80,XLG,74,JDG,0,2,淘汰赛,BO3,竞技模式,,
1000901,1000034,无畏契约进化者杯系列赛 第一幕  ,半决赛,2025-02-14T17:00:00+08:00,已结束,21,BLG,30,NOVA,0,2,淘汰赛,BO3,竞技模式,,
1000902,1000034,无畏契约进化者杯系列赛 第一幕  ,半决赛,2025-02-14T19:00:00+08:00,已结束,101,WOL,74,JDG,2,0,淘汰赛,BO3,竞技模式,,
1000903,1000034,无畏契约进化者杯系列赛 第一幕  ,季军赛,2025-02-15T17:00:00+08:00,已结束,21,BLG,74,JDG,3,0,淘汰赛,BO5,竞技模式,,
1000904,1000034,无畏契约进化者杯系列赛 第一幕  ,决赛,2025-02-16T17:00:00+08:00,已结束,30,NOVA,101,WOL,3,0,淘汰赛,BO5,竞技模式,,
1000877,1000033,曼谷大师赛,瑞士轮 第一轮,2025-02-20T18:00:00+08:00,已结束,5,EDG,52,TL,2,0,瑞士轮,BO3,竞技模式,,
1000878,1000033,曼谷大师赛,瑞士轮 第一轮,2025-02-20T21:00:00+08:00,已结束,59,DRX,117,SEN,2,0,瑞士轮,BO3,竞技模式,,
1000879,1000033,曼谷大师赛,瑞士轮 第一轮,2025-02-21T18:00:00+08:00,已结束,126,VIT,60,T1,2,0,瑞士轮,BO3,竞技模式,,
1000880,1000033,曼谷大师赛,瑞士轮 第一轮,2025-02-21T21:00:00+08:00,已结束,123,G2,37,TE,2,0,瑞士轮,BO3,竞技模式,,
1000881,1000033,曼谷大师赛,瑞士轮 第二轮 1-0 组,2025-02-22T18:00:00+08:00,已结束,59,DRX,126,VIT,1,2,瑞士轮,BO3,竞技模式,,
1000882,1000033,曼谷大师赛,瑞士轮 第二轮 1-0 组,2025-02-22T21:00:00+08:00,已结束,5,EDG,123,G2,2,1,瑞士轮,BO3,竞技模式,,
1000883,1000033,曼谷大师赛,瑞士轮 第二轮 0-1 组,2025-02-23T18:00:00+08:00,已结束,60,T1,37,TE,2,0,瑞士轮,BO3,竞技模式,,
1000884,1000033,曼谷大师赛,瑞士轮 第二轮 0-1 组,2025-02-23T21:00:00+08:00,已结束,52,TL,117,SEN,2,1,瑞士轮,BO3,竞技模式,,
1000885,1000033,曼谷大师赛,瑞士轮 第三轮,2025-02-24T18:00:00+08:00,已结束,60,T1,59,DRX,2,0,瑞士轮,BO3,竞技模式,,
1000886,1000033,曼谷大师赛,瑞士轮 第三轮,2025-02-24T21:00:00+08:00,已结束,123,G2,52,TL,2,0,瑞士轮,BO3,竞技模式,,
1000887,1000033,曼谷大师赛,淘汰赛首轮,2025-02-27T18:00:00+08:00,已结束,5,EDG,60,T1,2,1,四强双败淘汰赛,BO3,竞技模式,,
1000888,1000033,曼谷大师赛,淘汰赛首轮,2025-02-27T21:00:00+08:00,已结束,126,VIT,123,G2,0,2,四强双败淘汰赛,BO3,竞技模式,,
1000889,1000033,曼谷大师赛,胜者组决赛,2025-02-28T18:00:00+08:00,已结束,5,EDG,123,G2,0,2,四强双败淘汰赛,BO3,竞技模式,,
1000890,1000033,曼谷大师赛,败者组半决赛,2025-02-28T21:00:00+08:00,已结束,60,T1,126,VIT,2,1,四强双败淘汰赛,BO3,竞技模式,,
1000891,1000033,曼谷大师赛,败者组决赛,2025-03-01T18:00:00+08:00,已结束,5,EDG,60,T1,1,3,四强双败淘汰赛,BO5,竞技模式,,
1000892,1000033,曼谷大师赛,决赛,2025-03-02T19:00:00+08:00,已结束,123,G2,60,T1,2,3,四强双败淘汰赛,BO5,竞技模式,,
1000914,1000035,2025 VCT CN联赛第一赛段,常规赛 第一周,2025-03-13T19:00:00+08:00,已结束,80,XLG,21,BLG,1,2,常规赛,BO3,竞技模式,,
1000915,1000035,2025 VCT CN联赛第一赛段,常规赛 第一周,2025-03-14T19:00:00+08:00,已结束,37,TE,40,AG,2,1,常规赛,BO3,竞技模式,,
1000916,1000035,2025 VCT CN联赛第一赛段,常规赛 第一周,2025-03-15T17:00:00+08:00,已结束,25,DRG,30,NOVA,2,0,常规赛,BO3,竞技模式,,
1000917,1000035,2025 VCT CN联赛第一赛段,常规赛 第一周,2025-03-15T19:00:00+08:00,已结束,8,TYL,5,EDG,0,2,常规赛,BO3,竞技模式,,
1000918,1000035,2025 VCT CN联赛第一赛段,常规赛 第一周,2025-03-16T17:00:00+08:00,已结束,74,JDG,101,WOL,0,2,常规赛,BO3,竞技模式,,
1000919,1000035,2025 VCT CN联赛第一赛段,常规赛 第一周,2025-03-16T19:00:00+08:00,已结束,11,FPX,48,TEC,2,0,常规赛,BO3,竞技模式,,
1000920,1000035,2025 VCT CN联赛第一赛段,常规赛 第二周,2025-03-20T19:00:00+08:00,已结束,30,NOVA,5,EDG,2,0,常规赛,BO3,竞技模式,,
1000921,1000035,2025 VCT CN联赛第一赛段,常规赛 第二周,2025-03-21T19:00:00+08:00,已结束,8,TYL,11,FPX,1,2,常规赛,BO3,竞技模式,,
1000922,1000035,2025 VCT CN联赛第一赛段,常规赛 第二周,2025-03-22T17:00:00+08:00,已结束,80,XLG,40,AG,2,0,常规赛,BO3,竞技模式,,
1000923,1000035,2025 VCT CN联赛第一赛段,常规赛 第二周,2025-03-22T19:00:00+08:00,已结束,101,WOL,37,TE,2,0,常规赛,BO3,竞技模式,,
1000924,1000035,2025 VCT CN联赛第一赛段,常规赛 第二周,2025-03-23T17:00:00+08:00,已结束,48,TEC,25,DRG,2,1,常规赛,BO3,竞技模式,,
1000925,1000035,2025 VCT CN联赛第一赛段,常规赛 第二周,2025-03-23T19:00:00+08:00,已结束,21,BLG,74,JDG,2,1,常规赛,BO3,竞技模式,,
1000926,1000035,2025 VCT CN联赛第一赛段,常规赛 第三周,2025-03-27T19:00:00+08:00,已结束,74,JDG,37,TE,0,2,常规赛,BO3,竞技模式,,
1000927,1000035,2025 VCT CN联赛第一赛段,常规赛 第三周,2025-03-28T19:00:00+08:00,已结束,101,WOL,80,XLG,0,2,常规赛,BO3,竞技模式,,
1000928,1000035,2025 VCT CN联赛第一赛段,常规赛 第三周,2025-03-29T17:00:00+08:00,已结束,8,TYL,48,TEC,1,2,常规赛,BO3,竞技模式,,
1000929,1000035,2025 VCT CN联赛第一赛段,常规赛 第三周,2025-03-29T19:00:00+08:00,已结束,25,DRG,5,EDG,1,2,常规赛,BO3,竞技模式,,
1000930,1000035,2025 VCT CN联赛第一赛段,常规赛 第三周,2025-03-30T17:00:00+08:00,已结束,30,NOVA,11,FPX,2,0,常规赛,BO3,竞技模式,,
1000931,1000035,2025 VCT CN联赛第一赛段,常规赛 第三周,2025-03-30T19:00:00+08:00,已结束,40,AG,21,BLG,0,2,常规赛,BO3,竞技模式,,
1000932,1000035,2025 VCT CN联赛第一赛段,常规赛 第四周,2025-04-03T19:00:00+08:00,已结束,11,FPX,25,DRG,0,2,常规赛,BO3,竞技模式,,
1000933,1000035,2025 VCT CN联赛第一赛段,常规赛 第四周,2025-04-04T19:00:00+08:00,已结束,21,BLG,101,WOL,2,1,常规赛,BO3,竞技模式,,
1000934,1000035,2025 VCT CN联赛第一赛段,常规赛 第四周,2025-04-05T17:00:00+08:00,已结束,40,AG,74,JDG,0,2,常规赛,BO3,竞技模式,,
1000935,1000035,2025 VCT CN联赛第一赛段,常规赛 第四周,2025-04-05T19:00:00+08:00,已结束,5,EDG,48,TEC,2,1,常规赛,BO3,竞技模式,,
1000936,1000035,2025 VCT CN联赛第一赛段,常规赛 第四周,2025-04-06T17:00:00+08:00,已结束,30,NOVA,8,TYL,2,1,常规赛,BO3,竞技模式,,
1000937,1000035,2025 VCT CN联赛第一赛段,常规赛 第四周,2025-04-06T19:00:00+08:00,已结束,37,TE,80,XLG,1,2,常规赛,BO3,竞技模式,,
1000938,1000035,2025 VCT CN联赛第一赛段,常规赛 第五周,2025-04-10T19:00:00+08:00,已结束,74,JDG,80,XLG,1,2,常规赛,BO3,竞技模式,,
1000939,1000035,2025 VCT CN联赛第一赛段,常规赛 第五周,2025-04-11T19:00:00+08:00,已结束,25,DRG,8,TYL,1,2,常规赛,BO3,竞技模式,,
1000940,1000035,2025 VCT CN联赛第一赛段,常规赛 第五周,2025-04-12T17:00:00+08:00,已结束,101,WOL,40,AG,2,1,常规赛,BO3,竞技模式,,
1000941,1000035,2025 VCT CN联赛第一赛段,常规赛 第五周,2025-04-12T19:00:00+08:00,已结束,21,BLG,37,TE,1,2,常规赛,BO3,竞技模式,,
1000942,1000035,2025 VCT CN联赛第一赛段,常规赛 第五周,2025-04-13T17:00:00+08:00,已结束,48,TEC,30,NOVA,2,0,常规赛,BO3,竞技模式,,
1000943,1000035,2025 VCT CN联赛第一赛段,常规赛 第五周,2025-04-13T19:00:00+08:00,已结束,5,EDG,11,FPX,2,0,常规赛,BO3,竞技模式,,
1001068,1000035,2025 VCT CN联赛第一赛段,季后赛首轮,2025-04-17T17:00:00+08:00,已结束,48,TEC,101,WOL,0,2,季后赛,BO3,竞技模式,,
1001069,1000035,2025 VCT CN联赛第一赛段,季后赛首轮,2025-04-17T19:00:00+08:00,已结束,80,XLG,30,NOVA,2,0,季后赛,BO3,竞技模式,,
1001070,1000035,2025 VCT CN联赛第一赛段,败者组第一轮,2025-04-18T17:00:00+08:00,已结束,48,TEC,25,DRG,1,2,季后赛,BO3,竞技模式,,
1001071,1000035,2025 VCT CN联赛第一赛段,败者组第一轮,2025-04-18T19:00:00+08:00,已结束,30,NOVA,37,TE,0,2,季后赛,BO3,竞技模式,,
1001072,1000035,2025 VCT CN联赛第一赛段,胜者组第二轮,2025-04-19T17:00:00+08:00,已结束,21,BLG,101,WOL,0,2,季后赛,BO3,竞技模式,,
1001073,1000035,2025 VCT CN联赛第一赛段,胜者组第二轮,2025-04-19T19:00:00+08:00,已结束,5,EDG,80,XLG,0,2,季后赛,BO3,竞技模式,,
1001074,1000035,2025 VCT CN联赛第一赛段,败者组第二轮,2025-04-20T17:00:00+08:00,已结束,21,BLG,37,TE,2,0,季后赛,BO3,竞技模式,,
1001075,1000035,2025 VCT CN联赛第一赛段,败者组第二轮,2025-04-20T19:00:00+08:00,已结束,5,EDG,25,DRG,2,1,季后赛,BO3,竞技模式,,
1001090,1000037,2025无畏契约改变者赛CN赛区资格赛第一阶段,A组第一轮,2025-04-27T13:00:00+08:00,已结束,136,ALG,186,1ONE,2,0,小组赛,BO3,竞技模式,,
1001091,1000037,2025无畏契约改变者赛CN赛区资格赛第一阶段,A组第一轮,2025-04-27T15:00:00+08:00,已结束,140,DCG,184,WZH,2,1,小组赛,BO3,竞技模式,,
1001092,1000037,2025无畏契约改变者赛CN赛区资格赛第一阶段,B组第一轮,2025-04-27T17:00:00+08:00,已结束,96,NOVA,178,ANC,2,0,小组赛,BO3,竞技模式,,
1001093,1000037,2025无畏契约改变者赛CN赛区资格赛第一阶段,B组第一轮,2025-04-27T19:00:00+08:00,已结束,176,HYG,182,VVS,2,0,小组赛,BO3,竞技模式,,
1001094,1000037,2025无畏契约改变者赛CN赛区资格赛第一阶段,C组第一轮,2025-04-28T13:00:00+08:00,已结束,187,XT,177,VTG,1,2,小组赛,BO3,竞技模式,,
1001095,1000037,2025无畏契约改变者赛CN赛区资格赛第一阶段,C组第一轮,2025-04-28T15:00:00+08:00,已结束,183,DST,180,RG,2,0,小组赛,BO3,竞技模式,,
1001096,1000037,2025无畏契约改变者赛CN赛区资格赛第一阶段,D组第一轮,2025-04-28T17:00:00+08:00,已结束,138,UNC,185,101,0,2,小组赛,BO3,竞技模式,,
1001097,1000037,2025无畏契约改变者赛CN赛区资格赛第一阶段,D组第一轮,2025-04-28T19:00:00+08:00,已结束,181,1Z,179,YK,0,2,小组赛,BO3,竞技模式,,
1001098,1000037,2025无畏契约改变者赛CN赛区资格赛第一阶段,A组胜者组决赛,2025-04-29T17:00:00+08:00,已结束,136,ALG,140,DCG,2,0,小组赛,BO3,竞技模式,,
1001099,1000037,2025无畏契约改变者赛CN赛区资格赛第一阶段,B组胜者组决赛,2025-04-29T19:00:00+08:00,已结束,96,NOVA,176,HYG,2,0,小组赛,BO3,竞技模式,,
1001100,1000037,2025无畏契约改变者赛CN赛区资格赛第一阶段,C组胜者组决赛,2025-04-30T17:00:00+08:00,已结束,177,VTG,183,DST,0,2,小组赛,BO3,竞技模式,,
1001101,1000037,2025无畏契约改变者赛CN赛区资格赛第一阶段,D组胜者组决赛,2025-04-30T19:00:00+08:00,已结束,185,101,179,YK,0,2,小组赛,BO3,竞技模式,,
1001102,1000037,2025无畏契约改变者赛CN赛区资格赛第一阶段,A组败者组第一轮,2025-05-01T17:00:00+08:00,已结束,186,1ONE,184,WZH,2,1,小组赛,BO3,竞技模式,,
1001103,1000037,2025无畏契约改变者赛CN赛区资格赛第一阶段,B组败者组第一轮,2025-05-01T19:00:00+08:00,未开始,,,,,0,0,小组赛,BO3,竞技模式,,
1001076,1000035,2025 VCT CN联赛第一赛段,胜者组决赛,2025-05-02T17:00:00+08:00,已结束,101,WOL,80,XLG,0,2,季后赛,BO3,竞技模式,,
1001077,1000035,2025 VCT CN联赛第一赛段,败者组半决赛,2025-05-02T19:00:00+08:00,已结束,21,BLG,5,EDG,2,1,季后赛,BO3,竞技模式,,
1001078,1000035,2025 VCT CN联赛第一赛段,败者组决赛,2025-05-03T17:00:00+08:00,已结束,101,WOL,21,BLG,0,3,季后赛,BO5,竞技模式,,
1001079,1000035,2025 VCT CN联赛第一赛段,总决赛,2025-05-04T17:00:00+08:00,已结束,80,XLG,21,BLG,3,1,季后赛,BO5,竞技模式,,
1001104,1000037,2025无畏契约改变者赛CN赛区资格赛第一阶段,C组败者组第一轮,2025-05-06T17:00:00+08:00,未开始,187,XT,180,RG,0,0,小组赛,BO3,竞技模式,,
1001105,1000037,2025无畏契约改变者赛CN赛区资格赛第一阶段,D组败者组第一轮,2025-05-06T19:00:00+08:00,已结束,138,UNC,181,1Z,2,0,小组赛,BO3,竞技模式,,
1001106,1000037,2025无畏契约改变者赛CN赛区资格赛第一阶段,A组败者组决赛,2025-05-07T17:00:00+08:00,已结束,140,DCG,186,1ONE,1,2,小组赛,BO3,竞技模式,,
1001107,1000037,2025无畏契约改变者赛CN赛区资格赛第一阶段,B组败者组决赛,2025-05-07T19:00:00+08:00,已结束,176,HYG,178,ANC,2,0,小组赛,BO3,竞技模式,,
1001125,1000038,无畏契约进化者杯系列赛第二幕,淘汰赛首轮,2025-05-08T12:00:00+08:00,已结束,11,FPX,40,AG,2,1,淘汰赛,BO3,竞技模式,,
1001126,1000038,无畏契约进化者杯系列赛第二幕,淘汰赛首轮,2025-05-08T14:00:00+08:00,已结束,30,NOVA,80,XLG,2,1,淘汰赛,BO3,竞技模式,,
1001127,1000038,无畏契约进化者杯系列赛第二幕,淘汰赛首轮,2025-05-08T16:00:00+08:00,已结束,48,TEC,21,BLG,2,0,淘汰赛,BO3,竞技模式,,
1001108,1000037,2025无畏契约改变者赛CN赛区资格赛第一阶段,C组败者组决赛,2025-05-08T17:00:00+08:00,已结束,177,VTG,187,XT,2,0,小组赛,BO3,竞技模式,,
1001128,1000038,无畏契约进化者杯系列赛第二幕,淘汰赛首轮,2025-05-08T18:00:00+08:00,已结束,74,JDG,8,TYL,0,2,淘汰赛,BO3,竞技模式,,
1001109,1000037,2025无畏契约改变者赛CN赛区资格赛第一阶段,D组败者组决赛,2025-05-08T19:00:00+08:00,已结束,185,101,138,UNC,2,0,小组赛,BO3,竞技模式,,
1001129,1000038,无畏契约进化者杯系列赛第二幕,四分之一决赛,2025-05-09T12:00:00+08:00,已结束,5,EDG,11,FPX,2,0,淘汰赛,BO3,竞技模式,,
1001130,1000038,无畏契约进化者杯系列赛第二幕,四分之一决赛,2025-05-09T14:00:00+08:00,已结束,37,TE,30,NOVA,2,1,淘汰赛,BO3,竞技模式,,
1001131,1000038,无畏契约进化者杯系列赛第二幕,四分之一决赛,2025-05-09T16:00:00+08:00,已结束,25,DRG,48,TEC,0,2,淘汰赛,BO3,竞技模式,,
1001110,1000037,2025无畏契约改变者赛CN赛区资格赛第一阶段,淘汰赛首轮,2025-05-09T17:00:00+08:00,已结束,136,ALG,176,HYG,2,0,淘汰赛,BO3,竞技模式,,
1001132,1000038,无畏契约进化者杯系列赛第二幕,四分之一决赛,2025-05-09T18:00:00+08:00,已结束,101,WOL,8,TYL,2,1,淘汰赛,BO3,竞技模式,,
1001111,1000037,2025无畏契约改变者赛CN赛区资格赛第一阶段,淘汰赛首轮,2025-05-09T19:00:00+08:00,已结束,179,YK,177,VTG,2,0,淘汰赛,BO3,竞技模式,,
1001112,1000037,2025无畏契约改变者赛CN赛区资格赛第一阶段,淘汰赛首轮,2025-05-10T17:00:00+08:00,已结束,183,DST,186,1ONE,1,2,淘汰赛,BO3,竞技模式,,
1001133,1000038,无畏契约进化者杯系列赛第二幕,半决赛,2025-05-10T17:00:00+08:00,已结束,5,EDG,37,TE,2,0,淘汰赛,BO3,竞技模式,,
1001113,1000037,2025无畏契约改变者赛CN赛区资格赛第一阶段,淘汰赛首轮,2025-05-10T19:00:00+08:00,已结束,96,NOVA,185,101,2,0,淘汰赛,BO3,竞技模式,,
1001134,1000038,无畏契约进化者杯系列赛第二幕,半决赛,2025-05-10T19:00:00+08:00,已结束,48,TEC,101,WOL,2,1,淘汰赛,BO3,竞技模式,,
1001114,1000037,2025无畏契约改变者赛CN赛区资格赛第一阶段,败者组第一轮,2025-05-11T17:00:00+08:00,已结束,176,HYG,177,VTG,2,0,淘汰赛,BO3,竞技模式,,
1001135,1000038,无畏契约进化者杯系列赛第二幕,季军赛,2025-05-11T17:00:00+08:00,已结束,37,TE,101,WOL,3,0,淘汰赛,BO5,竞技模式,,
1001115,1000037,2025无畏契约改变者赛CN赛区资格赛第一阶段,败者组第一轮,2025-05-11T19:00:00+08:00,已结束,183,DST,185,101,2,1,淘汰赛,BO3,竞技模式,,
1001116,1000037,2025无畏契约改变者赛CN赛区资格赛第一阶段,胜者组第二轮,2025-05-12T17:00:00+08:00,已结束,136,ALG,179,YK,2,0,淘汰赛,BO3,竞技模式,,
1001136,1000038,无畏契约进化者杯系列赛第二幕,决赛,2025-05-12T17:00:00+08:00,已结束,5,EDG,48,TEC,3,0,淘汰赛,BO5,竞技模式,,
1001117,1000037,2025无畏契约改变者赛CN赛区资格赛第一阶段,胜者组第二轮,2025-05-12T19:00:00+08:00,已结束,186,1ONE,96,NOVA,0,2,淘汰赛,BO3,竞技模式,,
1001118,1000037,2025无畏契约改变者赛CN赛区资格赛第一阶段,败者组第二轮,2025-05-13T17:00:00+08:00,已结束,179,YK,183,DST,2,1,淘汰赛,BO3,竞技模式,,
1001119,1000037,2025无畏契约改变者赛CN赛区资格赛第一阶段,败者组第二轮,2025-05-13T19:00:00+08:00,已结束,186,1ONE,176,HYG,1,2,淘汰赛,BO3,竞技模式,,
1001120,1000037,2025无畏契约改变者赛CN赛区资格赛第一阶段,胜者组决赛,2025-05-14T17:00:00+08:00,已结束,136,ALG,96,NOVA,0,2,淘汰赛,BO3,竞技模式,,
1001121,1000037,2025无畏契约改变者赛CN赛区资格赛第一阶段,败者组半决赛,2025-05-14T19:00:00+08:00,已结束,176,HYG,179,YK,2,1,淘汰赛,BO3,竞技模式,,
1001122,1000037,2025无畏契约改变者赛CN赛区资格赛第一阶段,败者组决赛,2025-05-15T17:00:00+08:00,已结束,136,ALG,176,HYG,3,0,淘汰赛,BO5,竞技模式,,
1001123,1000037,2025无畏契约改变者赛CN赛区资格赛第一阶段,总决赛,2025-05-18T17:00:00+08:00,已结束,96,NOVA,136,ALG,3,2,淘汰赛,BO5,竞技模式,,
1001182,1000040,多伦多大师赛,瑞士轮 第一轮,2025-06-08T00:00:00+08:00,已结束,119,TH,58,PRX,0,2,瑞士轮,BO3,竞技模式,,
1001183,1000040,多伦多大师赛,瑞士轮 第一轮,2025-06-08T03:00:00+08:00,已结束,21,BLG,52,TL,2,1,瑞士轮,BO3,竞技模式,,
1001184,1000040,多伦多大师赛,瑞士轮 第一轮,2025-06-09T00:00:00+08:00,已结束,117,SEN,101,WOL,2,0,瑞士轮,BO3,竞技模式,,
1001185,1000040,多伦多大师赛,瑞士轮 第一轮,2025-06-09T03:00:00+08:00,已结束,120,GEN,188,MIBR,2,0,瑞士轮,BO3,竞技模式,,
1001166,1000040,多伦多大师赛,瑞士轮 第二轮 1-0 组,2025-06-10T00:00:00+08:00,已结束,21,BLG,117,SEN,1,2,瑞士轮,BO3,竞技模式,,
1001167,1000040,多伦多大师赛,瑞士轮 第二轮 1-0 组,2025-06-10T03:00:00+08:00,已结束,58,PRX,120,GEN,0,2,瑞士轮,BO3,竞技模式,,
1001168,1000040,多伦多大师赛,瑞士轮 第二轮 0-1 组,2025-06-11T00:00:00+08:00,已结束,119,TH,101,WOL,0,2,瑞士轮,BO3,竞技模式,,
1001169,1000040,多伦多大师赛,瑞士轮 第二轮 0-1 组,2025-06-11T03:00:00+08:00,已结束,52,TL,188,MIBR,2,0,瑞士轮,BO3,竞技模式,,
1001170,1000040,多伦多大师赛,瑞士轮 第三轮,2025-06-12T00:00:00+08:00,已结束,21,BLG,101,WOL,0,2,瑞士轮,BO3,竞技模式,,
1001171,1000040,多伦多大师赛,瑞士轮 第三轮,2025-06-12T03:00:00+08:00,已结束,58,PRX,52,TL,2,1,瑞士轮,BO3,竞技模式,,
1001172,1000040,多伦多大师赛,淘汰赛首轮,2025-06-14T00:00:00+08:00,已结束,123,G2,58,PRX,0,2,淘汰赛,BO3,竞技模式,,
1001173,1000040,多伦多大师赛,淘汰赛首轮,2025-06-14T03:00:00+08:00,已结束,80,XLG,117,SEN,0,2,淘汰赛,BO3,竞技模式,,
1001174,1000040,多伦多大师赛,淘汰赛首轮,2025-06-15T00:00:00+08:00,已结束,155,RRQ,101,WOL,0,2,淘汰赛,BO3,竞技模式,,
1001175,1000040,多伦多大师赛,淘汰赛首轮,2025-06-15T03:00:00+08:00,已结束,51,FNC,120,GEN,1,2,淘汰赛,BO3,竞技模式,,
1001176,1000040,多伦多大师赛,败者组第一轮,2025-06-16T00:00:00+08:00,已结束,123,G2,80,XLG,2,0,淘汰赛,BO3,竞技模式,,
1001177,1000040,多伦多大师赛,败者组第一轮,2025-06-16T03:00:00+08:00,已结束,155,RRQ,51,FNC,1,2,淘汰赛,BO3,竞技模式,,
1001179,1000040,多伦多大师赛,胜者组第二轮,2025-06-17T00:00:00+08:00,已结束,101,WOL,120,GEN,2,0,淘汰赛,BO3,竞技模式,,
1001178,1000040,多伦多大师赛,胜者组第二轮,2025-06-17T03:00:00+08:00,已结束,58,PRX,117,SEN,2,0,淘汰赛,BO3,竞技模式,,
1001180,1000040,多伦多大师赛,败者组第二轮,2025-06-18T00:00:00+08:00,已结束,120,GEN,123,G2,1,2,淘汰赛,BO3,竞技模式,,
1001181,1000040,多伦多大师赛,败者组第二轮,2025-06-18T03:00:00+08:00,已结束,117,SEN,51,FNC,1,2,淘汰赛,BO3,竞技模式,,
1001186,1000040,多伦多大师赛,胜者组决赛,2025-06-21T00:00:00+08:00,已结束,101,WOL,58,PRX,0,2,淘汰赛,BO3,竞技模式,,
1001187,1000040,多伦多大师赛,败者组半决赛,2025-06-21T03:00:00+08:00,已结束,123,G2,51,FNC,0,2,淘汰赛,BO3,竞技模式,,
1001188,1000040,多伦多大师赛,败者组决赛,2025-06-22T00:00:00+08:00,已结束,101,WOL,51,FNC,1,3,淘汰赛,BO5,竞技模式,,
1001190,1000040,多伦多大师赛,总决赛,2025-06-23T01:00:00+08:00,已结束,58,PRX,51,FNC,3,1,淘汰赛,BO5,竞技模式,,
1001195,1000041,2025 VCT CN联赛第二赛段,常规赛 第一周,2025-07-03T19:00:00+08:00,已结束,5,EDG,48,TEC,2,0,常规赛,BO3,竞技模式,,
1001196,1000041,2025 VCT CN联赛第二赛段,常规赛 第一周,2025-07-04T19:00:00+08:00,已结束,21,BLG,8,TYL,2,0,常规赛,BO3,竞技模式,,
1001197,1000041,2025 VCT CN联赛第二赛段,常规赛 第一周,2025-07-05T17:00:00+08:00,已结束,40,AG,80,XLG,1,2,常规赛,BO3,竞技模式,,
1001198,1000041,2025 VCT CN联赛第二赛段,常规赛 第一周,2025-07-05T19:00:00+08:00,已结束,101,WOL,11,FPX,0,2,常规赛,BO3,竞技模式,,
1001199,1000041,2025 VCT CN联赛第二赛段,常规赛 第一周,2025-07-06T17:00:00+08:00,已结束,25,DRG,30,NOVA,2,1,常规赛,BO3,竞技模式,,
1001200,1000041,2025 VCT CN联赛第二赛段,常规赛 第一周,2025-07-06T19:00:00+08:00,已结束,74,JDG,37,TE,1,2,常规赛,BO3,竞技模式,,
1001201,1000041,2025 VCT CN联赛第二赛段,常规赛 第二周,2025-07-16T19:00:00+08:00,已结束,37,TE,8,TYL,0,2,常规赛,BO3,竞技模式,,
1001202,1000041,2025 VCT CN联赛第二赛段,常规赛 第二周,2025-07-17T19:00:00+08:00,已结束,11,FPX,30,NOVA,2,1,常规赛,BO3,竞技模式,,
1001203,1000041,2025 VCT CN联赛第二赛段,常规赛 第二周,2025-07-18T17:00:00+08:00,已结束,40,AG,101,WOL,2,0,常规赛,BO3,竞技模式,,
1001204,1000041,2025 VCT CN联赛第二赛段,常规赛 第二周,2025-07-18T19:00:00+08:00,已结束,74,JDG,21,BLG,1,2,常规赛,BO3,竞技模式,,
1001205,1000041,2025 VCT CN联赛第二赛段,常规赛 第二周,2025-07-19T17:00:00+08:00,已结束,8,TYL,48,TEC,2,0,常规赛,BO3,竞技模式,,
1001206,1000041,2025 VCT CN联赛第二赛段,常规赛 第二周,2025-07-19T19:00:00+08:00,已结束,37,TE,5,EDG,2,1,常规赛,BO3,竞技模式,,
1001207,1000041,2025 VCT CN联赛第二赛段,常规赛 第二周,2025-07-20T17:00:00+08:00,已结束,25,DRG,40,AG,2,1,常规赛,BO3,竞技模式,,
1001208,1000041,2025 VCT CN联赛第二赛段,常规赛 第二周,2025-07-20T19:00:00+08:00,已结束,80,XLG,101,WOL,2,0,常规赛,BO3,竞技模式,,
1001209,1000041,2025 VCT CN联赛第二赛段,常规赛 第三周,2025-07-23T19:00:00+08:00,已结束,48,TEC,21,BLG,0,2,常规赛,BO3,竞技模式,,
1001210,1000041,2025 VCT CN联赛第二赛段,常规赛 第三周,2025-07-24T19:00:00+08:00,已结束,11,FPX,25,DRG,2,1,常规赛,BO3,竞技模式,,
1001211,1000041,2025 VCT CN联赛第二赛段,常规赛 第三周,2025-07-25T17:00:00+08:00,已结束,30,NOVA,40,AG,1,2,常规赛,BO3,竞技模式,,
1001212,1000041,2025 VCT CN联赛第二赛段,常规赛 第三周,2025-07-25T19:00:00+08:00,已结束,8,TYL,5,EDG,0,2,常规赛,BO3,竞技模式,,
1001213,1000041,2025 VCT CN联赛第二赛段,常规赛 第三周,2025-07-26T17:00:00+08:00,已结束,48,TEC,74,JDG,1,2,常规赛,BO3,竞技模式,,
1001214,1000041,2025 VCT CN联赛第二赛段,常规赛 第三周,2025-07-26T19:00:00+08:00,已结束,21,BLG,37,TE,1,2,常规赛,BO3,竞技模式,,
1001215,1000041,2025 VCT CN联赛第二赛段,常规赛 第三周,2025-07-27T17:00:00+08:00,已结束,101,WOL,25,DRG,2,1,常规赛,BO3,竞技模式,,
1001216,1000041,2025 VCT CN联赛第二赛段,常规赛 第三周,2025-07-27T19:00:00+08:00,已结束,80,XLG,11,FPX,2,0,常规赛,BO3,竞技模式,,
1001217,1000041,2025 VCT CN联赛第二赛段,常规赛 第四周,2025-07-31T17:00:00+08:00,已结束,30,NOVA,80,XLG,0,2,常规赛,BO3,竞技模式,,
1001218,1000041,2025 VCT CN联赛第二赛段,常规赛 第四周,2025-07-31T19:00:00+08:00,已结束,5,EDG,74,JDG,2,1,常规赛,BO3,竞技模式,,
1001219,1000041,2025 VCT CN联赛第二赛段,常规赛 第四周,2025-08-01T17:00:00+08:00,已结束,40,AG,11,FPX,2,0,常规赛,BO3,竞技模式,,
1001220,1000041,2025 VCT CN联赛第二赛段,常规赛 第四周,2025-08-01T19:00:00+08:00,已结束,37,TE,48,TEC,0,2,常规赛,BO3,竞技模式,,
1001221,1000041,2025 VCT CN联赛第二赛段,常规赛 第四周,2025-08-02T17:00:00+08:00,已结束,30,NOVA,101,WOL,2,1,常规赛,BO3,竞技模式,,
1001222,1000041,2025 VCT CN联赛第二赛段,常规赛 第四周,2025-08-02T19:00:00+08:00,已结束,25,DRG,80,XLG,2,1,常规赛,BO3,竞技模式,,
1001223,1000041,2025 VCT CN联赛第二赛段,常规赛 第四周,2025-08-03T17:00:00+08:00,已结束,8,TYL,74,JDG,2,1,常规赛,BO3,竞技模式,,
1001224,1000041,2025 VCT CN联赛第二赛段,常规赛 第四周,2025-08-03T19:00:00+08:00,已结束,21,BLG,5,EDG,2,0,常规赛,BO3,竞技模式,,
1001356,1000041,2025 VCT CN联赛第二赛段,Playoffs D1,2025-08-09T17:00:00+08:00,已结束,40,AG,8,TYL,0,2,季后赛,BO3,竞技模式,,
1001357,1000041,2025 VCT CN联赛第二赛段,Playoffs D1,2025-08-09T19:00:00+08:00,已结束,5,EDG,25,DRG,0,2,季后赛,BO3,竞技模式,,
1001358,1000041,2025 VCT CN联赛第二赛段,Playoffs D2,2025-08-10T17:00:00+08:00,已结束,11,FPX,40,AG,1,2,季后赛,BO3,竞技模式,,
1001359,1000041,2025 VCT CN联赛第二赛段,Playoffs D2,2025-08-10T19:00:00+08:00,已结束,37,TE,5,EDG,1,2,季后赛,BO3,竞技模式,,
1001360,1000041,2025 VCT CN联赛第二赛段,胜者组第二轮,2025-08-20T17:00:00+08:00,已结束,21,BLG,8,TYL,2,1,季后赛,BO3,竞技模式,,
1001361,1000041,2025 VCT CN联赛第二赛段,胜者组第二轮,2025-08-20T19:00:00+08:00,已结束,80,XLG,25,DRG,1,2,季后赛,BO3,竞技模式,,
1001362,1000041,2025 VCT CN联赛第二赛段,败者组第二轮,2025-08-21T17:00:00+08:00,已结束,5,EDG,8,TYL,2,0,季后赛,BO3,竞技模式,,
1001363,1000041,2025 VCT CN联赛第二赛段,败者组第二轮,2025-08-21T19:00:00+08:00,已结束,40,AG,80,XLG,1,2,季后赛,BO3,竞技模式,,
1001364,1000041,2025 VCT CN联赛第二赛段,胜者组决赛,2025-08-22T17:00:00+08:00,已结束,21,BLG,25,DRG,1,2,季后赛,BO3,竞技模式,,
1001365,1000041,2025 VCT CN联赛第二赛段,败者组半决赛,2025-08-22T19:00:00+08:00,已结束,5,EDG,80,XLG,2,0,季后赛,BO3,竞技模式,,
1001366,1000041,2025 VCT CN联赛第二赛段,败者组决赛,2025-08-23T17:00:00+08:00,已结束,21,BLG,5,EDG,3,1,季后赛,BO5,竞技模式,,
1001367,1000041,2025 VCT CN联赛第二赛段,总决赛,2025-08-24T17:00:00+08:00,已结束,25,DRG,21,BLG,1,3,季后赛,BO5,竞技模式,,
1001396,1000044,无畏契约进化者杯系列赛第三幕,淘汰赛首轮,2025-08-28T17:00:00+08:00,已结束,48,TEC,25,DRG,2,1,淘汰赛,BO3,竞技模式,,
1001397,1000044,无畏契约进化者杯系列赛第三幕,淘汰赛首轮,2025-08-28T19:00:00+08:00,已结束,30,NOVA,5,EDG,2,0,淘汰赛,BO3,竞技模式,,
1001398,1000044,无畏契约进化者杯系列赛第三幕,淘汰赛首轮,2025-08-29T17:00:00+08:00,已结束,74,JDG,80,XLG,2,0,淘汰赛,BO3,竞技模式,,
1001399,1000044,无畏契约进化者杯系列赛第三幕,淘汰赛首轮,2025-08-29T19:00:00+08:00,已结束,101,WOL,21,BLG,2,1,淘汰赛,BO3,竞技模式,,
1001400,1000044,无畏契约进化者杯系列赛第三幕,四分之一决赛,2025-08-30T17:00:00+08:00,已结束,8,TYL,48,TEC,1,2,淘汰赛,BO3,竞技模式,,
1001401,1000044,无畏契约进化者杯系列赛第三幕,四分之一决赛,2025-08-30T19:00:00+08:00,已结束,11,FPX,30,NOVA,2,1,淘汰赛,BO3,竞技模式,,
1001402,1000044,无畏契约进化者杯系列赛第三幕,四分之一决赛,2025-08-31T17:00:00+08:00,已结束,37,TE,74,JDG,1,2,淘汰赛,BO3,竞技模式,,
1001403,1000044,无畏契约进化者杯系列赛第三幕,四分之一决赛,2025-08-31T19:00:00+08:00,已结束,40,AG,101,WOL,1,2,淘汰赛,BO3,竞技模式,,
1001404,1000044,无畏契约进化者杯系列赛第三幕,半决赛,2025-09-05T17:00:00+08:00,已结束,48,TEC,11,FPX,2,1,淘汰赛,BO3,竞技模式,,
1001405,1000044,无畏契约进化者杯系列赛第三幕,半决赛,2025-09-05T19:00:00+08:00,已结束,74,JDG,101,WOL,2,1,淘汰赛,BO3,竞技模式,,
1001406,1000044,无畏契约进化者杯系列赛第三幕,三四名决赛,2025-09-06T17:00:00+08:00,已结束,11,FPX,101,WOL,0,3,淘汰赛,BO5,竞技模式,,
1001407,1000044,无畏契约进化者杯系列赛第三幕,决赛,2025-09-07T17:00:00+08:00,已结束,48,TEC,74,JDG,0,3,淘汰赛,BO5,竞技模式,,
1001409,1000045,2025无畏契约全球冠军赛,A组第一轮,2025-09-12T21:00:00+08:00,已结束,58,PRX,80,XLG,2,0,小组赛,BO3,竞技模式,,
1001410,1000045,2025无畏契约全球冠军赛,A组第一轮,2025-09-13T00:00:00+08:00,已结束,194,GX,117,SEN,2,1,小组赛,BO3,竞技模式,,
1001411,1000045,2025无畏契约全球冠军赛,C组第一轮,2025-09-13T21:00:00+08:00,已结束,57,NRG,5,EDG,2,0,小组赛,BO3,竞技模式,,
1001412,1000045,2025无畏契约全球冠军赛,C组第一轮,2025-09-14T00:00:00+08:00,已结束,52,TL,59,DRX,0,2,小组赛,BO3,竞技模式,,
1001413,1000045,2025无畏契约全球冠军赛,D组第一轮,2025-09-14T21:00:00+08:00,已结束,25,DRG,60,T1,0,2,小组赛,BO3,竞技模式,,
1001414,1000045,2025无畏契约全球冠军赛,D组第一轮,2025-09-15T00:00:00+08:00,已结束,123,G2,119,TH,0,2,小组赛,BO3,竞技模式,,
1001415,1000045,2025无畏契约全球冠军赛,B组第一轮,2025-09-15T21:00:00+08:00,已结束,21,BLG,188,MIBR,0,2,小组赛,BO3,竞技模式,,
1001416,1000045,2025无畏契约全球冠军赛,B组第一轮,2025-09-16T00:00:00+08:00,已结束,155,RRQ,51,FNC,0,2,小组赛,BO3,竞技模式,,
1001417,1000045,2025无畏契约全球冠军赛,胜者组决赛,2025-09-17T21:00:00+08:00,已结束,58,PRX,194,GX,2,1,小组赛,BO3,竞技模式,,
1001418,1000045,2025无畏契约全球冠军赛,胜者组决赛,2025-09-18T00:00:00+08:00,已结束,59,DRX,57,NRG,1,2,小组赛,BO3,竞技模式,,
1001419,1000045,2025无畏契约全球冠军赛,胜者组决赛,2025-09-18T21:00:00+08:00,已结束,119,TH,60,T1,2,0,小组赛,BO3,竞技模式,,
1001420,1000045,2025无畏契约全球冠军赛,胜者组决赛,2025-09-19T00:00:00+08:00,已结束,188,MIBR,51,FNC,1,2,小组赛,BO3,竞技模式,,
1001421,1000045,2025无畏契约全球冠军赛,败者组第一轮,2025-09-19T21:00:00+08:00,已结束,52,TL,5,EDG,2,1,小组赛,BO3,竞技模式,,
1001422,1000045,2025无畏契约全球冠军赛,败者组第一轮,2025-09-20T00:00:00+08:00,已结束,80,XLG,117,SEN,2,1,小组赛,BO3,竞技模式,,
1001423,1000045,2025无畏契约全球冠军赛,败者组第一轮,2025-09-20T21:00:00+08:00,已结束,21,BLG,155,RRQ,1,2,小组赛,BO3,竞技模式,,
1001424,1000045,2025无畏契约全球冠军赛,败者组第一轮,2025-09-21T00:00:00+08:00,已结束,123,G2,25,DRG,2,0,小组赛,BO3,竞技模式,,
1001425,1000045,2025无畏契约全球冠军赛,败者组决赛,2025-09-21T21:00:00+08:00,已结束,52,TL,59,DRX,0,2,小组赛,BO3,竞技模式,,
1001426,1000045,2025无畏契约全球冠军赛,败者组决赛,2025-09-22T00:00:00+08:00,已结束,194,GX,80,XLG,2,0,小组赛,BO3,竞技模式,,
1001427,1000045,2025无畏契约全球冠军赛,败者组决赛,2025-09-22T21:00:00+08:00,已结束,60,T1,123,G2,0,2,小组赛,BO3,竞技模式,,
1001428,1000045,2025无畏契约全球冠军赛,败者组决赛,2025-09-23T00:00:00+08:00,已结束,188,MIBR,155,RRQ,2,0,小组赛,BO3,竞技模式,,
1001429,1000045,2025无畏契约全球冠军赛,淘汰赛首轮,2025-09-25T21:00:00+08:00,已结束,58,PRX,123,G2,2,1,淘汰赛,BO3,竞技模式,,
1001430,1000045,2025无畏契约全球冠军赛,淘汰赛首轮,2025-09-26T00:00:00+08:00,已结束,51,FNC,59,DRX,2,1,淘汰赛,BO3,竞技模式,,
1001431,1000045,2025无畏契约全球冠军赛,淘汰赛首轮,2025-09-26T21:00:00+08:00,已结束,119,TH,188,MIBR,0,2,淘汰赛,BO3,竞技模式,,
1001432,1000045,2025无畏契约全球冠军赛,淘汰赛首轮,2025-09-27T00:00:00+08:00,已结束,57,NRG,194,GX,2,0,淘汰赛,BO3,竞技模式,,
1001433,1000045,2025无畏契约全球冠军赛,败者组第一轮,2025-09-27T21:00:00+08:00,已结束,123,G2,59,DRX,1,2,淘汰赛,BO3,竞技模式,,
1001434,1000045,2025无畏契约全球冠军赛,败者组第一轮,2025-09-28T00:00:00+08:00,已结束,119,TH,194,GX,2,1,淘汰赛,BO3,竞技模式,,
1001435,1000045,2025无畏契约全球冠军赛,胜者组第二轮,2025-09-28T21:00:00+08:00,已结束,58,PRX,51,FNC,1,2,淘汰赛,BO3,竞技模式,,
1001436,1000045,2025无畏契约全球冠军赛,胜者组第二轮,2025-09-29T00:00:00+08:00,已结束,188,MIBR,57,NRG,1,2,淘汰赛,BO3,竞技模式,,
1001437,1000045,2025无畏契约全球冠军赛,败者组第二轮,2025-09-29T21:00:00+08:00,已结束,58,PRX,119,TH,2,1,淘汰赛,BO3,竞技模式,,
1001438,1000045,2025无畏契约全球冠军赛,败者组第二轮,2025-09-30T00:00:00+08:00,已结束,188,MIBR,59,DRX,1,2,淘汰赛,BO3,竞技模式,,
1001439,1000045,2025无畏契约全球冠军赛,胜者组决赛,2025-10-03T19:00:00+08:00,已结束,51,FNC,57,NRG,0,2,淘汰赛,BO3,竞技模式,,
1001440,1000045,2025无畏契约全球冠军赛,败者组半决赛,2025-10-03T22:00:00+08:00,已结束,58,PRX,59,DRX,0,2,淘汰赛,BO3,竞技模式,,
1001441,1000045,2025无畏契约全球冠军赛,败者组决赛,2025-10-04T19:00:00+08:00,已结束,51,FNC,59,DRX,3,1,淘汰赛,BO5,竞技模式,,
1001442,1000045,2025无畏契约全球冠军赛,总决赛,2025-10-05T19:00:00+08:00,已结束,57,NRG,51,FNC,3,2,淘汰赛,BO5,竞技模式,,
1001462,1000048,2025CN联赛晋升赛,A组第一轮,2025-10-11T17:00:00+08:00,已结束,129,ZCG,47,ODG,2,1,小组赛,BO3,竞技模式,,
1001463,1000048,2025CN联赛晋升赛,A组第一轮,2025-10-11T19:00:00+08:00,已结束,25,DRG,196,TG,2,0,小组赛,BO3,竞技模式,,
1001464,1000048,2025CN联赛晋升赛,B组第一轮,2025-10-12T17:00:00+08:00,已结束,69,CCG,132,ALG,0,2,小组赛,BO3,竞技模式,,
1001465,1000048,2025CN联赛晋升赛,B组第一轮,2025-10-12T19:00:00+08:00,已结束,23,RA,195,AQ,2,0,小组赛,BO3,竞技模式,,
1001466,1000048,2025CN联赛晋升赛,A组胜者组第一轮,2025-10-13T17:00:00+08:00,已结束,129,ZCG,25,DRG,0,2,小组赛,BO3,竞技模式,,
1001467,1000048,2025CN联赛晋升赛,B组胜者组第一轮,2025-10-13T19:00:00+08:00,已结束,132,ALG,23,RA,0,2,小组赛,BO3,竞技模式,,
1001468,1000048,2025CN联赛晋升赛,A组败者组第一轮,2025-10-14T17:00:00+08:00,已结束,47,ODG,196,TG,2,1,小组赛,BO3,竞技模式,,
1001469,1000048,2025CN联赛晋升赛,B组败者组第一轮,2025-10-14T19:00:00+08:00,已结束,69,CCG,195,AQ,0,2,小组赛,BO3,竞技模式,,
1001470,1000048,2025CN联赛晋升赛,A组败者组决赛,2025-10-15T17:00:00+08:00,已结束,129,ZCG,47,ODG,1,2,小组赛,BO3,竞技模式,,
1001471,1000048,2025CN联赛晋升赛,B组败者组决赛,2025-10-15T19:00:00+08:00,已结束,132,ALG,195,AQ,1,2,小组赛,BO3,竞技模式,,
1001472,1000048,2025CN联赛晋升赛,首轮比赛,2025-10-16T17:00:00+08:00,已结束,23,RA,47,ODG,2,0,四强双败淘汰赛,BO3,竞技模式,,
1001473,1000048,2025CN联赛晋升赛,首轮比赛,2025-10-16T19:00:00+08:00,已结束,25,DRG,195,AQ,0,2,四强双败淘汰赛,BO3,竞技模式,,
1001474,1000048,2025CN联赛晋升赛,胜者组决赛,2025-10-17T17:00:00+08:00,已结束,23,RA,195,AQ,2,0,四强双败淘汰赛,BO3,竞技模式,,
1001475,1000048,2025CN联赛晋升赛,败者组半决赛,2025-10-17T19:00:00+08:00,已结束,47,ODG,25,DRG,0,2,四强双败淘汰赛,BO3,竞技模式,,
1001476,1000048,2025CN联赛晋升赛,败者组决赛,2025-10-18T17:00:00+08:00,已结束,195,AQ,25,DRG,2,3,四强双败淘汰赛,BO5,竞技模式,,
1001477,1000048,2025CN联赛晋升赛,决赛,2025-10-19T17:00:00+08:00,已结束,23,RA,25,DRG,0,3,四强双败淘汰赛,BO5,竞技模式,,
1001629,1000050,无畏契约进化者系列赛终章,四分之一决赛,2025-11-12T17:00:00+08:00,已结束,30,NOVA,5,EDG,2,1,淘汰赛,BO3,竞技模式,,
1001630,1000050,无畏契约进化者系列赛终章,四分之一决赛,2025-11-12T19:00:00+08:00,已结束,74,JDG,195,AQ,2,0,淘汰赛,BO3,竞技模式,,
1001631,1000050,无畏契约进化者系列赛终章,四分之一决赛,2025-11-13T17:00:00+08:00,已结束,48,TEC,37,TE,0,2,淘汰赛,BO3,竞技模式,,
1001632,1000050,无畏契约进化者系列赛终章,四分之一决赛,2025-11-13T19:00:00+08:00,已结束,101,WOL,11,FPX,1,2,淘汰赛,BO3,竞技模式,,
1001633,1000050,无畏契约进化者系列赛终章,半决赛,2025-11-14T17:00:00+08:00,已结束,30,NOVA,74,JDG,2,1,淘汰赛,BO3,竞技模式,,
1001634,1000050,无畏契约进化者系列赛终章,半决赛,2025-11-14T19:00:00+08:00,已结束,37,TE,11,FPX,1,2,淘汰赛,BO3,竞技模式,,
1001635,1000050,无畏契约进化者系列赛终章,三四名决赛,2025-11-15T17:00:00+08:00,已结束,74,JDG,37,TE,3,2,淘汰赛,BO5,竞技模式,,
1001636,1000050,无畏契约进化者系列赛终章,总决赛,2025-11-16T17:00:00+08:00,已结束,30,NOVA,11,FPX,1,3,淘汰赛,BO5,竞技模式,,
1001637,1000051,2025改变者全球冠军赛,胜者组第一轮,2025-11-20T16:00:00+08:00,已结束,202,NTZ,96,NOVA,0,2,淘汰赛,BO3,竞技模式,,
1001638,1000051,2025改变者全球冠军赛,胜者组第一轮,2025-11-20T19:00:00+08:00,已结束,154,MIBR,151,GX,2,1,淘汰赛,BO3,竞技模式,,
1001639,1000051,2025改变者全球冠军赛,胜者组第二轮,2025-11-21T16:00:00+08:00,已结束,153,XIP,200,KC GC,0,2,淘汰赛,BO3,竞技模式,,
1001640,1000051,2025改变者全球冠军赛,胜者组第二轮,2025-11-21T19:00:00+08:00,已结束,112,TLV,116,KRÜ,2,0,淘汰赛,BO3,竞技模式,,
1001641,1000051,2025改变者全球冠军赛,胜者组第二轮,2025-11-22T16:00:00+08:00,已结束,114,G2,96,NOVA,2,0,淘汰赛,BO3,竞技模式,,
1001642,1000051,2025改变者全球冠军赛,胜者组第二轮,2025-11-22T19:00:00+08:00,已结束,201,SRG,154,MIBR,2,0,淘汰赛,BO3,竞技模式,,
1001643,1000051,2025改变者全球冠军赛,败者组第一轮,2025-11-23T16:00:00+08:00,已结束,153,XIP,202,NTZ,1,2,淘汰赛,BO3,竞技模式,,
1001644,1000051,2025改变者全球冠军赛,败者组第一轮,2025-11-23T19:00:00+08:00,已结束,116,KRÜ,151,GX,2,1,淘汰赛,BO3,竞技模式,,
1001645,1000051,2025改变者全球冠军赛,败者组第二轮,2025-11-24T16:00:00+08:00,已结束,154,MIBR,202,NTZ,2,0,淘汰赛,BO3,竞技模式,,
1001646,1000051,2025改变者全球冠军赛,败者组第二轮,2025-11-24T19:00:00+08:00,已结束,96,NOVA,116,KRÜ,0,2,淘汰赛,BO3,竞技模式,,
1001647,1000051,2025改变者全球冠军赛,胜者组半决赛,2025-11-26T16:00:00+08:00,已结束,114,G2,112,TLV,1,2,淘汰赛,BO3,竞技模式,,
1001648,1000051,2025改变者全球冠军赛,胜者组半决赛,2025-11-26T19:00:00+08:00,已结束,201,SRG,200,KC GC,2,1,淘汰赛,BO3,竞技模式,,
1001649,1000051,2025改变者全球冠军赛,败者组第三轮,2025-11-27T16:00:00+08:00,已结束,114,G2,154,MIBR,1,2,淘汰赛,BO3,竞技模式,,
1001650,1000051,2025改变者全球冠军赛,败者组第三轮,2025-11-27T19:00:00+08:00,已结束,200,KC GC,116,KRÜ,0,2,淘汰赛,BO3,竞技模式,,
1001651,1000051,2025改变者全球冠军赛,胜者组决赛,2025-11-28T16:00:00+08:00,已结束,112,TLV,201,SRG,2,1,淘汰赛,BO3,竞技模式,,
1001652,1000051,2025改变者全球冠军赛,败者组半决赛,2025-11-28T19:00:00+08:00,已结束,154,MIBR,116,KRÜ,2,0,淘汰赛,BO3,竞技模式,,
1001653,1000051,2025改变者全球冠军赛,败者组决赛,2025-11-29T16:00:00+08:00,已结束,201,SRG,154,MIBR,3,1,淘汰赛,BO5,竞技模式,,
1001654,1000051,2025改变者全球冠军赛,决赛,2025-11-30T16:00:00+08:00,已结束,112,TLV,201,SRG,3,2,淘汰赛,BO5,竞技模式,,
1001669,1000053,无畏契约源能国际邀请赛,排位赛Day1,2025-12-18T14:00:00+08:00,已结束,30,NOVA,58,PRX,0,1,,BO1,竞技模式,,
1001670,1000053,无畏契约源能国际邀请赛,排位赛Day1,2025-12-18T15:00:00+08:00,已结束,11,FPX,58,PRX,1,0,,BO1,竞技模式,,
1001671,1000053,无畏契约源能国际邀请赛,排位赛Day1,2025-12-18T16:00:00+08:00,已结束,11,FPX,120,GEN,0,1,,BO1,竞技模式,,
1001672,1000053,无畏契约源能国际邀请赛,排位赛Day1,2025-12-18T17:00:00+08:00,已结束,21,BLG,120,GEN,0,1,,BO1,竞技模式,,
1001673,1000053,无畏契约源能国际邀请赛,排位赛Day1,2025-12-18T18:00:00+08:00,已结束,21,BLG,123,G2,0,1,,BO1,竞技模式,,
1001674,1000053,无畏契约源能国际邀请赛,排位赛Day1,2025-12-18T19:00:00+08:00,已结束,30,NOVA,123,G2,0,1,,BO1,竞技模式,,
1001675,1000053,无畏契约源能国际邀请赛,排位赛Day2,2025-12-19T14:00:00+08:00,已结束,30,NOVA,11,FPX,0,1,,BO1,竞技模式,,
1001676,1000053,无畏契约源能国际邀请赛,排位赛Day2,2025-12-19T15:00:00+08:00,已结束,123,G2,11,FPX,0,1,,BO1,竞技模式,,
1001677,1000053,无畏契约源能国际邀请赛,排位赛Day2,2025-12-19T16:00:00+08:00,已结束,123,G2,120,GEN,0,1,,BO1,竞技模式,,
1001678,1000053,无畏契约源能国际邀请赛,排位赛Day2,2025-12-19T17:00:00+08:00,已结束,58,PRX,120,GEN,0,1,,BO1,竞技模式,,
1001679,1000053,无畏契约源能国际邀请赛,排位赛Day2,2025-12-19T18:00:00+08:00,已结束,58,PRX,21,BLG,1,0,,BO1,竞技模式,,
1001680,1000053,无畏契约源能国际邀请赛,排位赛Day2,2025-12-19T19:00:00+08:00,已结束,30,NOVA,21,BLG,1,0,,BO1,竞技模式,,
1001681,1000053,无畏契约源能国际邀请赛,淘汰赛Day1,2025-12-20T16:00:00+08:00,已结束,58,PRX,123,G2,2,1,淘汰赛,BO3,竞技模式,,
1001682,1000053,无畏契约源能国际邀请赛,淘汰赛Day1,2025-12-20T18:00:00+08:00,已结束,11,FPX,58,PRX,0,2,淘汰赛,BO3,竞技模式,,
1001683,1000053,无畏契约源能国际邀请赛,总决赛,2025-12-21T18:00:00+08:00,已结束,58,PRX,120,GEN,3,1,淘汰赛,BO5,竞技模式,,
1001688,1000055,2026 VCT CN启点赛,胜者组第一轮,2026-01-22T17:00:00+08:00,已结束,37,TE,101,WOL,1,2,,BO3,竞技模式,,
1001689,1000055,2026 VCT CN启点赛,胜者组第一轮,2026-01-22T19:00:00+08:00,已结束,11,FPX,8,TYL,0,2,,BO3,竞技模式,,
1001690,1000055,2026 VCT CN启点赛,胜者组第一轮,2026-01-23T17:00:00+08:00,已结束,40,AG,30,NOVA,2,0,,BO3,竞技模式,,
1001691,1000055,2026 VCT CN启点赛,胜者组第一轮,2026-01-23T19:00:00+08:00,已结束,74,JDG,48,TEC,2,1,,BO3,竞技模式,,
1001692,1000055,2026 VCT CN启点赛,胜者组第二轮,2026-01-24T17:00:00+08:00,已结束,80,XLG,101,WOL,2,0,,BO3,竞技模式,,
1001693,1000055,2026 VCT CN启点赛,胜者组第二轮,2026-01-24T19:00:00+08:00,已结束,5,EDG,8,TYL,2,0,,BO3,竞技模式,,
1001694,1000055,2026 VCT CN启点赛,胜者组第二轮,2026-01-25T17:00:00+08:00,已结束,21,BLG,40,AG,0,2,,BO3,竞技模式,,
1001695,1000055,2026 VCT CN启点赛,胜者组第二轮,2026-01-25T19:00:00+08:00,已结束,25,DRG,74,JDG,2,1,,BO3,竞技模式,,
1001696,1000055,2026 VCT CN启点赛,突围组第一轮,2026-01-28T17:00:00+08:00,已结束,30,NOVA,8,TYL,0,2,,BO3,竞技模式,,
1001697,1000055,2026 VCT CN启点赛,突围组第一轮,2026-01-28T19:00:00+08:00,已结束,48,TEC,101,WOL,2,1,,BO3,竞技模式,,
1001698,1000055,2026 VCT CN启点赛,突围组第一轮,2026-01-29T17:00:00+08:00,已结束,37,TE,74,JDG,2,1,,BO3,竞技模式,,
1001699,1000055,2026 VCT CN启点赛,突围组第一轮,2026-01-29T19:00:00+08:00,已结束,11,FPX,21,BLG,0,2,,BO3,竞技模式,,
1001700,1000055,2026 VCT CN启点赛,突围组第二轮,2026-01-30T17:00:00+08:00,已结束,8,TYL,48,TEC,2,1,,BO3,竞技模式,,
1001701,1000055,2026 VCT CN启点赛,突围组第二轮,2026-01-30T19:00:00+08:00,已结束,37,TE,21,BLG,0,2,,BO3,竞技模式,,
1001702,1000055,2026 VCT CN启点赛,败者组第一轮,2026-01-31T17:00:00+08:00,已结束,30,NOVA,101,WOL,1,2,,BO3,竞技模式,,
1001703,1000055,2026 VCT CN启点赛,胜者组半决赛,2026-01-31T19:00:00+08:00,已结束,40,AG,25,DRG,2,1,,BO3,竞技模式,,
1001704,1000055,2026 VCT CN启点赛,败者组第一轮,2026-02-01T17:00:00+08:00,已结束,74,JDG,11,FPX,2,1,,BO3,竞技模式,,
1001705,1000055,2026 VCT CN启点赛,胜者组半决赛,2026-02-01T19:00:00+08:00,已结束,80,XLG,5,EDG,2,0,,BO3,竞技模式,,
1001706,1000055,2026 VCT CN启点赛,败者组第二轮,2026-02-03T17:00:00+08:00,已结束,37,TE,101,WOL,2,1,,BO3,竞技模式,,
1001707,1000055,2026 VCT CN启点赛,突围组第三轮,2026-02-03T19:00:00+08:00,已结束,25,DRG,8,TYL,2,1,,BO3,竞技模式,,
1001708,1000055,2026 VCT CN启点赛,败者组第二轮,2026-02-04T17:00:00+08:00,已结束,48,TEC,74,JDG,1,2,,BO3,竞技模式,,
1001709,1000055,2026 VCT CN启点赛,突围组第三轮,2026-02-04T19:00:00+08:00,已结束,5,EDG,21,BLG,1,2,,BO3,竞技模式,,
1001710,1000055,2026 VCT CN启点赛,败者组第三轮,2026-02-05T17:00:00+08:00,已结束,8,TYL,37,TE,2,0,,BO3,竞技模式,,
1001711,1000055,2026 VCT CN启点赛,败者组第三轮,2026-02-05T19:00:00+08:00,已结束,5,EDG,74,JDG,2,1,,BO3,竞技模式,,
1001712,1000055,2026 VCT CN启点赛,突围组半决赛,2026-02-06T17:00:00+08:00,已结束,25,DRG,21,BLG,0,2,,BO3,竞技模式,,
1001713,1000055,2026 VCT CN启点赛,败者组第四轮,2026-02-06T19:00:00+08:00,已结束,8,TYL,5,EDG,1,2,,BO3,竞技模式,,
1001714,1000055,2026 VCT CN启点赛,败者组半决赛,2026-02-07T15:00:00+08:00,已结束,25,DRG,5,EDG,1,2,,BO3,竞技模式,,
1001715,1000055,2026 VCT CN启点赛,胜者组决赛,2026-02-07T17:00:00+08:00,已结束,40,AG,80,XLG,3,2,,BO5,竞技模式,,
1001716,1000055,2026 VCT CN启点赛,突围组决赛,2026-02-08T17:00:00+08:00,已结束,80,XLG,21,BLG,3,2,,BO5,竞技模式,,
1001717,1000055,2026 VCT CN启点赛,败者组决赛,2026-02-09T17:00:00+08:00,已结束,21,BLG,5,EDG,1,3,,BO5,竞技模式,,
1001784,1000058,圣地亚哥大师赛,瑞士轮 第一轮,2026-03-01T01:00:00+08:00,已结束,221,M8,5,EDG,2,0,瑞士轮,BO3,竞技模式,,
1001785,1000058,圣地亚哥大师赛,瑞士轮 第一轮,2026-03-01T04:00:00+08:00,已结束,80,XLG,57,NRG,0,2,瑞士轮,BO3,竞技模式,,
1001786,1000058,圣地亚哥大师赛,瑞士轮 第一轮,2026-03-02T01:00:00+08:00,已结束,123,G2,58,PRX,0,2,瑞士轮,BO3,竞技模式,,
1001787,1000058,圣地亚哥大师赛,瑞士轮 第一轮,2026-03-02T04:00:00+08:00,已结束,60,T1,52,TL,0,2,瑞士轮,BO3,竞技模式,,
1001788,1000058,圣地亚哥大师赛,瑞士轮 第二轮 1-0 组,2026-03-03T02:00:00+08:00,已结束,58,PRX,57,NRG,2,1,瑞士轮,BO3,竞技模式,,
1001789,1000058,圣地亚哥大师赛,瑞士轮 第二轮 1-0 组,2026-03-03T05:00:00+08:00,已结束,221,M8,52,TL,2,0,瑞士轮,BO3,竞技模式,,
1001790,1000058,圣地亚哥大师赛,瑞士轮 第二轮 0-1 组,2026-03-04T02:00:00+08:00,已结束,5,EDG,60,T1,0,2,瑞士轮,BO3,竞技模式,,
1001791,1000058,圣地亚哥大师赛,瑞士轮 第二轮 0-1 组,2026-03-04T05:00:00+08:00,已结束,80,XLG,123,G2,0,2,瑞士轮,BO3,竞技模式,,
1001792,1000058,圣地亚哥大师赛,瑞士轮 第三轮,2026-03-05T02:00:00+08:00,已结束,57,NRG,52,TL,2,0,瑞士轮,BO3,竞技模式,,
1001793,1000058,圣地亚哥大师赛,瑞士轮 第三轮,2026-03-05T05:00:00+08:00,已结束,123,G2,60,T1,2,0,瑞士轮,BO3,竞技模式,,
1001794,1000058,圣地亚哥大师赛,胜者组第一轮,2026-03-07T02:00:00+08:00,已结束,222,FUR,58,PRX,1,2,淘汰赛,BO3,竞技模式,,
1001795,1000058,圣地亚哥大师赛,胜者组第一轮,2026-03-07T05:00:00+08:00,已结束,223,NS,221,M8,2,0,淘汰赛,BO3,竞技模式,,
1001796,1000058,圣地亚哥大师赛,胜者组第一轮,2026-03-08T01:00:00+08:00,已结束,220,BBL,57,NRG,1,2,淘汰赛,BO3,竞技模式,,
1001797,1000058,圣地亚哥大师赛,胜者组第一轮,2026-03-08T04:00:00+08:00,已结束,40,AG,123,G2,0,2,淘汰赛,BO3,竞技模式,,
1001798,1000058,圣地亚哥大师赛,败者组第一轮,2026-03-09T01:00:00+08:00,已结束,220,BBL,222,FUR,2,1,淘汰赛,BO3,竞技模式,,
1001799,1000058,圣地亚哥大师赛,败者组第一轮,2026-03-09T04:00:00+08:00,已结束,221,M8,40,AG,1,2,淘汰赛,BO3,竞技模式,,
1001800,1000058,圣地亚哥大师赛,胜者组第二轮,2026-03-10T02:00:00+08:00,已结束,223,NS,123,G2,2,1,淘汰赛,BO3,竞技模式,,
1001801,1000058,圣地亚哥大师赛,胜者组第二轮,2026-03-10T05:00:00+08:00,已结束,58,PRX,57,NRG,0,2,淘汰赛,BO3,竞技模式,,
1001802,1000058,圣地亚哥大师赛,败者组第二轮,2026-03-11T02:00:00+08:00,已结束,123,G2,220,BBL,2,0,淘汰赛,BO3,竞技模式,,
1001803,1000058,圣地亚哥大师赛,败者组第二轮,2026-03-11T05:00:00+08:00,已结束,58,PRX,40,AG,2,1,淘汰赛,BO3,竞技模式,,
1001804,1000058,圣地亚哥大师赛,胜者组决赛,2026-03-14T01:00:00+08:00,已结束,223,NS,57,NRG,2,0,淘汰赛,BO3,竞技模式,,
1001805,1000058,圣地亚哥大师赛,败者组半决赛,2026-03-14T04:00:00+08:00,已结束,58,PRX,123,G2,2,1,淘汰赛,BO3,竞技模式,,
1001806,1000058,圣地亚哥大师赛,败者组决赛,2026-03-15T01:00:00+08:00,已结束,57,NRG,58,PRX,1,3,淘汰赛,BO5,竞技模式,,
1001807,1000058,圣地亚哥大师赛,总决赛,2026-03-16T02:00:00+08:00,已结束,223,NS,58,PRX,3,0,淘汰赛,BO5,竞技模式,,
1001808,1000059,无畏契约进化者杯系列赛 第一幕,首轮比赛,2026-03-16T17:00:00+08:00,已结束,101,WOL,195,AQ,1,2,淘汰赛,BO3,竞技模式,,
1001809,1000059,无畏契约进化者杯系列赛 第一幕,首轮比赛,2026-03-16T19:00:00+08:00,已结束,48,TEC,28,,2,0,淘汰赛,BO3,竞技模式,,
1001810,1000059,无畏契约进化者杯系列赛 第一幕,首轮比赛,2026-03-17T17:00:00+08:00,已结束,74,JDG,23,RA,2,0,淘汰赛,BO3,竞技模式,,
1001811,1000059,无畏契约进化者杯系列赛 第一幕,首轮比赛,2026-03-17T19:00:00+08:00,已结束,11,FPX,30,NOVA,2,0,淘汰赛,BO3,竞技模式,,
1001812,1000059,无畏契约进化者杯系列赛 第一幕,四分之一决赛,2026-03-18T17:00:00+08:00,已结束,25,DRG,195,AQ,1,2,淘汰赛,BO3,竞技模式,,
1001813,1000059,无畏契约进化者杯系列赛 第一幕,四分之一决赛,2026-03-18T19:00:00+08:00,已结束,8,TYL,48,TEC,2,1,淘汰赛,BO3,竞技模式,,
1001814,1000059,无畏契约进化者杯系列赛 第一幕,四分之一决赛,2026-03-19T17:00:00+08:00,已结束,37,TE,74,JDG,0,2,淘汰赛,BO3,竞技模式,,
1001815,1000059,无畏契约进化者杯系列赛 第一幕,四分之一决赛,2026-03-19T19:00:00+08:00,已结束,21,BLG,11,FPX,2,0,淘汰赛,BO3,竞技模式,,
1001816,1000059,无畏契约进化者杯系列赛 第一幕,半决赛,2026-03-20T17:00:00+08:00,已结束,195,AQ,8,TYL,0,2,淘汰赛,BO3,竞技模式,,
1001817,1000059,无畏契约进化者杯系列赛 第一幕,半决赛,2026-03-20T19:00:00+08:00,已结束,74,JDG,21,BLG,0,2,淘汰赛,BO3,竞技模式,,
1001818,1000059,无畏契约进化者杯系列赛 第一幕,季军赛,2026-03-21T17:00:00+08:00,已结束,195,AQ,74,JDG,0,3,淘汰赛,BO5,竞技模式,,
1001819,1000059,无畏契约进化者杯系列赛 第一幕,决赛,2026-03-22T17:00:00+08:00,已结束,8,TYL,21,BLG,1,3,淘汰赛,BO5,竞技模式,,
1001827,1000060,2026 VCT CN联赛第一赛段,常规赛 第一周,2026-03-31T17:00:00+08:00,已结束,48,TEC,40,AG,1,2,常规赛,BO3,竞技模式,,
1001828,1000060,2026 VCT CN联赛第一赛段,常规赛 第一周,2026-03-31T19:00:00+08:00,已结束,30,NOVA,5,EDG,0,2,常规赛,BO3,竞技模式,,
1001829,1000060,2026 VCT CN联赛第一赛段,常规赛 第一周,2026-04-01T17:00:00+08:00,已结束,74,JDG,11,FPX,2,1,常规赛,BO3,竞技模式,,
1001830,1000060,2026 VCT CN联赛第一赛段,常规赛 第一周,2026-04-01T19:00:00+08:00,已结束,25,DRG,80,XLG,0,2,常规赛,BO3,竞技模式,,
1001831,1000060,2026 VCT CN联赛第一赛段,常规赛 第一周,2026-04-02T17:00:00+08:00,已结束,101,WOL,37,TE,0,2,常规赛,BO3,竞技模式,,
1001832,1000060,2026 VCT CN联赛第一赛段,常规赛 第一周,2026-04-02T19:00:00+08:00,已结束,21,BLG,8,TYL,1,2,常规赛,BO3,竞技模式,,
1001833,1000060,2026 VCT CN联赛第一赛段,常规赛 第一周,2026-04-03T17:00:00+08:00,已结束,25,DRG,30,NOVA,2,0,常规赛,BO3,竞技模式,,
1001834,1000060,2026 VCT CN联赛第一赛段,常规赛 第一周,2026-04-03T19:00:00+08:00,已结束,11,FPX,40,AG,2,0,常规赛,BO3,竞技模式,,
1001835,1000060,2026 VCT CN联赛第一赛段,常规赛 第一周,2026-04-04T17:00:00+08:00,已结束,8,TYL,48,TEC,2,0,常规赛,BO3,竞技模式,,
1001836,1000060,2026 VCT CN联赛第一赛段,常规赛 第一周,2026-04-04T19:00:00+08:00,已结束,101,WOL,5,EDG,0,2,常规赛,BO3,竞技模式,,
1001837,1000060,2026 VCT CN联赛第一赛段,常规赛 第一周,2026-04-05T17:00:00+08:00,已结束,37,TE,80,XLG,1,2,常规赛,BO3,竞技模式,,
1001838,1000060,2026 VCT CN联赛第一赛段,常规赛 第一周,2026-04-05T19:00:00+08:00,已结束,21,BLG,74,JDG,2,0,常规赛,BO3,竞技模式,,
1001839,1000060,2026 VCT CN联赛第一赛段,常规赛 第二周,2026-04-07T17:00:00+08:00,已结束,11,FPX,8,TYL,2,1,常规赛,BO3,竞技模式,,
1001840,1000060,2026 VCT CN联赛第一赛段,常规赛 第二周,2026-04-07T19:00:00+08:00,已结束,48,TEC,21,BLG,2,0,常规赛,BO3,竞技模式,,
1001841,1000060,2026 VCT CN联赛第一赛段,常规赛 第二周,2026-04-08T17:00:00+08:00,已结束,80,XLG,30,NOVA,2,0,常规赛,BO3,竞技模式,,
1001842,1000060,2026 VCT CN联赛第一赛段,常规赛 第二周,2026-04-08T19:00:00+08:00,已结束,5,EDG,37,TE,2,0,常规赛,BO3,竞技模式,,
1001843,1000060,2026 VCT CN联赛第一赛段,常规赛 第二周,2026-04-09T17:00:00+08:00,已结束,74,JDG,40,AG,0,2,常规赛,BO3,竞技模式,,
1001844,1000060,2026 VCT CN联赛第一赛段,常规赛 第二周,2026-04-09T19:00:00+08:00,已结束,25,DRG,101,WOL,2,1,常规赛,BO3,竞技模式,,
1001845,1000060,2026 VCT CN联赛第一赛段,常规赛 第二周,2026-04-10T17:00:00+08:00,已结束,30,NOVA,37,TE,0,2,常规赛,BO3,竞技模式,,
1001846,1000060,2026 VCT CN联赛第一赛段,常规赛 第二周,2026-04-10T19:00:00+08:00,已结束,11,FPX,21,BLG,1,2,常规赛,BO3,竞技模式,,
1001847,1000060,2026 VCT CN联赛第一赛段,常规赛 第二周,2026-04-11T17:00:00+08:00,已结束,40,AG,8,TYL,1,2,常规赛,BO3,竞技模式,,
1001848,1000060,2026 VCT CN联赛第一赛段,常规赛 第二周,2026-04-11T19:00:00+08:00,已结束,5,EDG,25,DRG,2,1,常规赛,BO3,竞技模式,,
1001849,1000060,2026 VCT CN联赛第一赛段,常规赛 第二周,2026-04-12T17:00:00+08:00,已结束,74,JDG,48,TEC,2,0,常规赛,BO3,竞技模式,,
1001850,1000060,2026 VCT CN联赛第一赛段,常规赛 第二周,2026-04-12T19:00:00+08:00,已结束,80,XLG,101,WOL,2,1,常规赛,BO3,竞技模式,,
1001851,1000060,2026 VCT CN联赛第一赛段,常规赛 第三周,2026-04-14T17:00:00+08:00,已结束,8,TYL,74,JDG,0,2,常规赛,BO3,竞技模式,,
1001852,1000060,2026 VCT CN联赛第一赛段,常规赛 第三周,2026-04-14T19:00:00+08:00,已结束,37,TE,25,DRG,1,2,常规赛,BO3,竞技模式,,
1001853,1000060,2026 VCT CN联赛第一赛段,常规赛 第三周,2026-04-15T17:00:00+08:00,已结束,48,TEC,11,FPX,2,0,常规赛,BO3,竞技模式,,
1001854,1000060,2026 VCT CN联赛第一赛段,常规赛 第三周,2026-04-15T19:00:00+08:00,已结束,40,AG,21,BLG,2,1,常规赛,BO3,竞技模式,,
1001855,1000060,2026 VCT CN联赛第一赛段,常规赛 第三周,2026-04-16T17:00:00+08:00,已结束,30,NOVA,101,WOL,2,0,常规赛,BO3,竞技模式,,
1001856,1000060,2026 VCT CN联赛第一赛段,常规赛 第三周,2026-04-16T19:00:00+08:00,已结束,5,EDG,80,XLG,1,2,常规赛,BO3,竞技模式,,
1001857,1000060,2026 VCT CN联赛第一赛段,排位赛Day1,2026-04-18T17:00:00+08:00,已结束,8,TYL,25,DRG,2,0,,BO3,竞技模式,,
1001858,1000060,2026 VCT CN联赛第一赛段,排位赛Day1,2026-04-18T19:00:00+08:00,已结束,74,JDG,5,EDG,1,2,,BO3,竞技模式,,
1001859,1000060,2026 VCT CN联赛第一赛段,排位赛Day2,2026-04-19T17:00:00+08:00,已结束,48,TEC,37,TE,1,2,,BO3,竞技模式,,
1001860,1000060,2026 VCT CN联赛第一赛段,排位赛Day2,2026-04-19T19:00:00+08:00,已结束,40,AG,80,XLG,1,2,,BO3,竞技模式,,
1002094,1000060,2026 VCT CN联赛第一赛段,季后赛首轮,2026-05-01T17:00:00+08:00,已结束,80,XLG,48,TEC,2,0,季后赛,BO3,竞技模式,,
1002095,1000060,2026 VCT CN联赛第一赛段,季后赛首轮,2026-05-01T19:00:00+08:00,已结束,74,JDG,8,TYL,2,1,季后赛,BO3,竞技模式,,
1002096,1000060,2026 VCT CN联赛第一赛段,季后赛首轮,2026-05-02T17:00:00+08:00,已结束,40,AG,37,TE,2,0,季后赛,BO3,竞技模式,,
1002097,1000060,2026 VCT CN联赛第一赛段,季后赛首轮,2026-05-02T19:00:00+08:00,已结束,5,EDG,25,DRG,2,1,季后赛,BO3,竞技模式,,
1002098,1000060,2026 VCT CN联赛第一赛段,败者组第一轮,2026-05-03T17:00:00+08:00,已结束,48,TEC,8,TYL,1,2,季后赛,BO3,竞技模式,,
1002099,1000060,2026 VCT CN联赛第一赛段,败者组第一轮,2026-05-03T19:00:00+08:00,已结束,37,TE,25,DRG,0,2,季后赛,BO3,竞技模式,,
1002103,1000060,2026 VCT CN联赛第一赛段,胜者组第二轮,2026-05-04T17:00:00+08:00,已结束,80,XLG,74,JDG,2,0,季后赛,BO3,竞技模式,,
1002104,1000060,2026 VCT CN联赛第一赛段,胜者组第二轮,2026-05-04T19:00:00+08:00,已结束,40,AG,5,EDG,0,2,季后赛,BO3,竞技模式,,
1002105,1000060,2026 VCT CN联赛第一赛段,败者组第二轮,2026-05-05T17:00:00+08:00,已结束,74,JDG,25,DRG,0,2,季后赛,BO3,竞技模式,,
1002106,1000060,2026 VCT CN联赛第一赛段,败者组第二轮,2026-05-05T19:00:00+08:00,已结束,40,AG,8,TYL,2,1,季后赛,BO3,竞技模式,,
1002107,1000060,2026 VCT CN联赛第一赛段,胜者组决赛,2026-05-08T17:00:00+08:00,已结束,80,XLG,5,EDG,0,2,季后赛,BO3,竞技模式,,
1002108,1000060,2026 VCT CN联赛第一赛段,败者组半决赛,2026-05-08T19:00:00+08:00,已结束,25,DRG,40,AG,2,1,季后赛,BO3,竞技模式,,
1002109,1000060,2026 VCT CN联赛第一赛段,败者组决赛,2026-05-09T17:00:00+08:00,已结束,80,XLG,25,DRG,3,1,季后赛,BO5,竞技模式,,
1002110,1000060,2026 VCT CN联赛第一赛段,决赛,2026-05-10T17:00:00+08:00,已结束,5,EDG,80,XLG,3,2,季后赛,BO5,竞技模式,,
1002141,1000065,无畏契约进化者杯系列赛 第二幕,淘汰赛首轮,2026-05-21T17:00:00+08:00,已结束,40,AG,25,DRG,2,0,淘汰赛,BO3,竞技模式,,
1002142,1000065,无畏契约进化者杯系列赛 第二幕,淘汰赛首轮,2026-05-21T19:00:00+08:00,已结束,11,FPX,101,WOL,2,0,淘汰赛,BO3,竞技模式,,
1002143,1000065,无畏契约进化者杯系列赛 第二幕,淘汰赛首轮,2026-05-22T17:00:00+08:00,已结束,37,TE,195,AQ,2,0,淘汰赛,BO3,竞技模式,,
1002144,1000065,无畏契约进化者杯系列赛 第二幕,淘汰赛首轮,2026-05-22T19:00:00+08:00,已结束,48,TEC,10,WBG,2,1,淘汰赛,BO3,竞技模式,,
1002145,1000065,无畏契约进化者杯系列赛 第二幕,淘汰赛首轮,2026-05-23T17:00:00+08:00,已结束,74,JDG,80,XLG,2,1,淘汰赛,BO3,竞技模式,,
1002146,1000065,无畏契约进化者杯系列赛 第二幕,淘汰赛首轮,2026-05-23T19:00:00+08:00,已结束,30,NOVA,49,KBG,2,1,淘汰赛,BO3,竞技模式,,
1002147,1000065,无畏契约进化者杯系列赛 第二幕,淘汰赛首轮,2026-05-24T17:00:00+08:00,已结束,8,TYL,5,EDG,2,0,淘汰赛,BO3,竞技模式,,
1002148,1000065,无畏契约进化者杯系列赛 第二幕,淘汰赛首轮,2026-05-24T19:00:00+08:00,已结束,21,BLG,207,UR,2,0,淘汰赛,BO3,竞技模式,,
1002149,1000065,无畏契约进化者杯系列赛 第二幕,四分之一决赛,2026-05-25T17:00:00+08:00,已结束,40,AG,11,FPX,2,0,淘汰赛,BO3,竞技模式,,
1002150,1000065,无畏契约进化者杯系列赛 第二幕,四分之一决赛,2026-05-25T19:00:00+08:00,已结束,37,TE,48,TEC,0,2,淘汰赛,BO3,竞技模式,,
1002151,1000065,无畏契约进化者杯系列赛 第二幕,四分之一决赛,2026-05-26T17:00:00+08:00,已结束,74,JDG,30,NOVA,0,2,淘汰赛,BO3,竞技模式,,
1002152,1000065,无畏契约进化者杯系列赛 第二幕,四分之一决赛,2026-05-26T19:00:00+08:00,已结束,8,TYL,21,BLG,2,0,淘汰赛,BO3,竞技模式,,
1002153,1000065,无畏契约进化者杯系列赛 第二幕,半决赛,2026-05-29T15:00:00+08:00,已结束,40,AG,48,TEC,1,2,淘汰赛,BO3,竞技模式,,
1002154,1000065,无畏契约进化者杯系列赛 第二幕,半决赛,2026-05-29T18:00:00+08:00,已结束,30,NOVA,8,TYL,2,0,淘汰赛,BO3,竞技模式,,
1002155,1000065,无畏契约进化者杯系列赛 第二幕,三四名决赛,2026-05-30T17:00:00+08:00,已结束,40,AG,8,TYL,3,2,淘汰赛,BO5,竞技模式,,
1002156,1000065,无畏契约进化者杯系列赛 第二幕,总决赛,2026-05-31T17:00:00+08:00,已结束,48,TEC,30,NOVA,2,3,淘汰赛,BO5,竞技模式,,
1002157,1000066,伦敦大师赛,瑞士轮 第一轮,2026-06-06T22:00:00+08:00,已结束,80,XLG,57,NRG,0,2,瑞士轮,BO3,竞技模式,,
1002158,1000066,伦敦大师赛,瑞士轮 第一轮,2026-06-07T01:00:00+08:00,已结束,126,VIT,25,DRG,2,0,瑞士轮,BO3,竞技模式,,
1002159,1000066,伦敦大师赛,瑞士轮 第一轮,2026-06-07T22:00:00+08:00,已结束,235,FS,53,FUT,0,2,瑞士轮,BO3,竞技模式,,
1002160,1000066,伦敦大师赛,瑞士轮 第一轮,2026-06-08T01:00:00+08:00,已结束,121,LEV,236,GE,2,1,瑞士轮,BO3,竞技模式,,
1002161,1000066,伦敦大师赛,瑞士轮 第二轮 1-0 组,2026-06-08T22:00:00+08:00,已结束,126,VIT,53,FUT,2,1,瑞士轮,BO3,竞技模式,,
1002162,1000066,伦敦大师赛,瑞士轮 第二轮 1-0 组,2026-06-09T01:00:00+08:00,已结束,57,NRG,121,LEV,1,2,瑞士轮,BO3,竞技模式,,
1002163,1000066,伦敦大师赛,瑞士轮 第二轮 0-1 组,2026-06-09T22:00:00+08:00,已结束,25,DRG,80,XLG,1,2,瑞士轮,BO3,竞技模式,,
1002164,1000066,伦敦大师赛,瑞士轮 第二轮 0-1 组,2026-06-10T01:00:00+08:00,已结束,236,GE,235,FS,2,1,瑞士轮,BO3,竞技模式,,
1002165,1000066,伦敦大师赛,瑞士轮 第三轮,2026-06-10T22:00:00+08:00,已结束,53,FUT,57,NRG,2,1,瑞士轮,BO3,竞技模式,,
1002166,1000066,伦敦大师赛,瑞士轮 第三轮,2026-06-11T01:00:00+08:00,已结束,236,GE,80,XLG,1,2,瑞士轮,BO3,竞技模式,,
1002167,1000066,伦敦大师赛,淘汰赛首轮,2026-06-12T22:00:00+08:00,已结束,58,PRX,121,LEV,2,0,淘汰赛,BO3,竞技模式,,
1002168,1000066,伦敦大师赛,淘汰赛首轮,2026-06-13T01:00:00+08:00,已结束,119,TH,126,VIT,0,2,淘汰赛,BO3,竞技模式,,
1002169,1000066,伦敦大师赛,淘汰赛首轮,2026-06-13T22:00:00+08:00,已结束,5,EDG,53,FUT,2,1,淘汰赛,BO3,竞技模式,,
1002170,1000066,伦敦大师赛,淘汰赛首轮,2026-06-14T01:00:00+08:00,已结束,123,G2,80,XLG,1,2,淘汰赛,BO3,竞技模式,,
1002171,1000066,伦敦大师赛,败者组第一轮,2026-06-14T22:00:00+08:00,已结束,121,LEV,119,TH,2,1,淘汰赛,BO3,竞技模式,,
1002172,1000066,伦敦大师赛,败者组第一轮,2026-06-15T01:00:00+08:00,已结束,53,FUT,123,G2,2,0,淘汰赛,BO3,竞技模式,,
1002179,1000066,伦敦大师赛,胜者组第二轮,2026-06-15T22:00:00+08:00,已结束,5,EDG,80,XLG,2,1,淘汰赛,BO3,竞技模式,,
1002180,1000066,伦敦大师赛,胜者组第二轮,2026-06-16T01:00:00+08:00,已结束,58,PRX,126,VIT,2,1,淘汰赛,BO3,竞技模式,,
1002181,1000066,伦敦大师赛,败者组第二轮,2026-06-16T22:00:00+08:00,已结束,80,XLG,121,LEV,0,2,淘汰赛,BO3,竞技模式,,
1002182,1000066,伦敦大师赛,败者组第二轮,2026-06-17T01:00:00+08:00,已结束,126,VIT,53,FUT,2,0,淘汰赛,BO3,竞技模式,,
1002183,1000066,伦敦大师赛,胜者组决赛,2026-06-19T21:00:00+08:00,已结束,5,EDG,58,PRX,1,2,淘汰赛,BO3,竞技模式,,
1002184,1000066,伦敦大师赛,败者组半决赛,2026-06-20T00:00:00+08:00,已结束,121,LEV,126,VIT,2,0,淘汰赛,BO3,竞技模式,,
1002185,1000066,伦敦大师赛,败者组决赛,2026-06-20T21:00:00+08:00,已结束,5,EDG,121,LEV,0,3,淘汰赛,BO5,竞技模式,,
1002186,1000066,伦敦大师赛,决赛,2026-06-21T21:00:00+08:00,已结束,58,PRX,121,LEV,2,3,淘汰赛,BO5,竞技模式,,
100236,10011,全国大赛S6总决赛,复活赛,2026-07-02T13:00:00+08:00,已结束,1000049,JYG,1000072,DMY,1,2,淘汰赛,BO3,竞技模式,,第一天
100237,10011,全国大赛S6总决赛,半决赛Match1,2026-07-02T16:00:00+08:00,已结束,1000029,KBG,1000080,HVG,2,0,淘汰赛,BO3,竞技模式,,第一天
100238,10011,全国大赛S6总决赛,半决赛Match2,2026-07-02T19:00:00+08:00,已结束,1000076,HS,1000072,DMY,2,0,淘汰赛,BO3,竞技模式,,第一天
100243,10010,2026电竞世俱杯《无畏契约》项目,A组小组赛,2026-07-02T19:00:00+08:00,已结束,5,EDG,220,BBL,1,2,淘汰赛,BO3,竞技模式,,第一天
100244,10010,2026电竞世俱杯《无畏契约》项目,A组小组赛,2026-07-02T19:00:00+08:00,已结束,122,100T,155,RRQ,2,0,淘汰赛,BO3,竞技模式,,第一天
100239,10011,全国大赛S6总决赛,生态作者表演赛,2026-07-02T21:00:00+08:00,已结束,1000081,天枢观测团,1000082,云阙采风队,0,1,淘汰赛,BO1,竞技模式,,第一天
100257,10010,2026电竞世俱杯《无畏契约》项目,B组小组赛,2026-07-02T21:45:00+08:00,已结束,118,KC,126,VIT,0,2,淘汰赛,BO3,竞技模式,,第一天
100258,10010,2026电竞世俱杯《无畏契约》项目,B组小组赛,2026-07-02T21:45:00+08:00,已结束,58,PRX,57,NRG,1,2,淘汰赛,BO3,竞技模式,,第一天
100245,10010,2026电竞世俱杯《无畏契约》项目,D组小组赛,2026-07-03T19:00:00+08:00,已结束,119,TH,40,AG,2,1,淘汰赛,BO3,竞技模式,,第二天
100246,10010,2026电竞世俱杯《无畏契约》项目,D组小组赛,2026-07-03T19:00:00+08:00,已结束,236,GE,188,MIBR,0,2,淘汰赛,BO3,竞技模式,,第二天
100259,10010,2026电竞世俱杯《无畏契约》项目,C组小组赛,2026-07-03T21:45:00+08:00,已结束,123,G2,223,NS,1,2,淘汰赛,BO3,竞技模式,,第二天
100260,10010,2026电竞世俱杯《无畏契约》项目,C组小组赛,2026-07-03T21:45:00+08:00,已结束,1000027,XLG,221,M8,1,2,淘汰赛,BO3,竞技模式,,第二天
100240,10011,全国大赛S6总决赛,总决赛,2026-07-04T13:30:00+08:00,已结束,1000029,KBG,1000076,HS,3,0,总决赛,BO5,竞技模式,,第二天
100241,10011,全国大赛S6总决赛,嘉宾表演赛,2026-07-04T19:00:00+08:00,已结束,1000083,一起瓦赛,1000084,与瓦同行,1,0,总决赛,BO1,竞技模式,,第二天
100247,10010,2026电竞世俱杯《无畏契约》项目,A组小组赛,2026-07-04T19:00:00+08:00,已结束,155,RRQ,5,EDG,0,2,淘汰赛,BO3,竞技模式,,第三天
100248,10010,2026电竞世俱杯《无畏契约》项目,A组小组赛,2026-07-04T19:00:00+08:00,已结束,122,100T,220,BBL,2,1,淘汰赛,BO3,竞技模式,,第三天
100242,10011,全国大赛S6总决赛,女瓦表演赛,2026-07-04T20:00:00+08:00,已结束,1000085,别挡我的路,1000086,就挡你的路,1,0,总决赛,BO1,竞技模式,,第二天
100261,10010,2026电竞世俱杯《无畏契约》项目,B组小组赛,2026-07-04T21:45:00+08:00,已结束,118,KC,58,PRX,2,1,淘汰赛,BO3,竞技模式,,第三天
100262,10010,2026电竞世俱杯《无畏契约》项目,B组小组赛,2026-07-04T21:45:00+08:00,已结束,126,VIT,57,NRG,2,1,淘汰赛,BO3,竞技模式,,第三天
100249,10010,2026电竞世俱杯《无畏契约》项目,D组小组赛,2026-07-05T19:00:00+08:00,已结束,236,GE,40,AG,0,2,淘汰赛,BO3,竞技模式,,第四天
100250,10010,2026电竞世俱杯《无畏契约》项目,D组小组赛,2026-07-05T19:00:00+08:00,已结束,188,MIBR,119,TH,0,2,淘汰赛,BO3,竞技模式,,第四天
100263,10010,2026电竞世俱杯《无畏契约》项目,C组小组赛,2026-07-05T21:45:00+08:00,已结束,1000027,XLG,123,G2,0,2,淘汰赛,BO3,竞技模式,,第四天
100264,10010,2026电竞世俱杯《无畏契约》项目,C组小组赛,2026-07-05T21:45:00+08:00,已结束,221,M8,223,NS,2,1,淘汰赛,BO3,竞技模式,,第四天
100251,10010,2026电竞世俱杯《无畏契约》项目,A组小组赛,2026-07-06T19:00:00+08:00,已结束,220,BBL,5,EDG,2,0,淘汰赛,BO3,竞技模式,,第五天
100265,10010,2026电竞世俱杯《无畏契约》项目,B组小组赛,2026-07-06T21:45:00+08:00,已结束,57,NRG,118,KC,2,1,淘汰赛,BO3,竞技模式,,第五天
100252,10010,2026电竞世俱杯《无畏契约》项目,D组小组赛,2026-07-07T19:00:00+08:00,已结束,188,MIBR,40,AG,2,1,淘汰赛,BO3,竞技模式,,第六天
100266,10010,2026电竞世俱杯《无畏契约》项目,C组小组赛,2026-07-07T21:45:00+08:00,已结束,223,NS,123,G2,2,1,淘汰赛,BO3,竞技模式,,第六天
1002365,1000068,2026 VCT CN联赛第二赛段,常规赛 第一周,2026-07-09T16:00:00+08:00,已结束,101,WOL,48,TEC,2,0,小组赛,BO3,竞技模式,Omega,
1002366,1000068,2026 VCT CN联赛第二赛段,常规赛 第一周,2026-07-09T18:00:00+08:00,已结束,25,DRG,21,BLG,2,0,小组赛,BO3,竞技模式,Omega,
100253,10010,2026电竞世俱杯《无畏契约》项目,淘汰赛,2026-07-09T19:00:00+08:00,已结束,119,TH,220,BBL,1,2,淘汰赛,BO3,竞技模式,,第七天
100267,10010,2026电竞世俱杯《无畏契约》项目,淘汰赛,2026-07-09T21:45:00+08:00,已结束,221,M8,57,NRG,1,2,淘汰赛,BO3,竞技模式,,第七天
1002416,1000068,2026 VCT CN联赛第二赛段,小组赛,2026-07-10T13:09:34+08:00,未开始,11,FPX,37,TE,0,0,小组赛,BO3,竞技模式,,
1002367,1000068,2026 VCT CN联赛第二赛段,常规赛 第一周,2026-07-10T16:00:00+08:00,已结束,11,FPX,37,TE,2,0,小组赛,BO3,竞技模式,Alpha,
1002368,1000068,2026 VCT CN联赛第二赛段,常规赛 第一周,2026-07-10T18:00:00+08:00,已结束,74,JDG,8,TYL,0,2,小组赛,BO3,竞技模式,Alpha,
100254,10010,2026电竞世俱杯《无畏契约》项目,淘汰赛,2026-07-10T19:00:00+08:00,已结束,126,VIT,223,NS,1,2,淘汰赛,BO3,竞技模式,,第八天
100268,10010,2026电竞世俱杯《无畏契约》项目,淘汰赛,2026-07-10T21:45:00+08:00,已结束,122,100T,188,MIBR,2,1,淘汰赛,BO3,竞技模式,,第八天
1002369,1000068,2026 VCT CN联赛第二赛段,常规赛 第一周,2026-07-11T16:00:00+08:00,已结束,25,DRG,48,TEC,2,1,小组赛,BO3,竞技模式,Omega,
1002370,1000068,2026 VCT CN联赛第二赛段,常规赛 第一周,2026-07-11T18:00:00+08:00,已结束,21,BLG,101,WOL,2,1,小组赛,BO3,竞技模式,Omega,
100255,10010,2026电竞世俱杯《无畏契约》项目,淘汰赛,2026-07-11T19:00:00+08:00,已结束,122,100T,223,NS,2,1,淘汰赛,BO3,竞技模式,,第九天
100269,10010,2026电竞世俱杯《无畏契约》项目,淘汰赛,2026-07-11T21:45:00+08:00,已结束,220,BBL,57,NRG,1,2,淘汰赛,BO3,竞技模式,,第九天
1002371,1000068,2026 VCT CN联赛第二赛段,常规赛 第一周,2026-07-12T16:00:00+08:00,已结束,30,NOVA,11,FPX,2,0,小组赛,BO3,竞技模式,Alpha,
1002372,1000068,2026 VCT CN联赛第二赛段,常规赛 第一周,2026-07-12T18:00:00+08:00,已结束,8,TYL,37,TE,2,0,小组赛,BO3,竞技模式,Alpha,
100256,10010,2026电竞世俱杯《无畏契约》项目,季军赛,2026-07-12T19:00:00+08:00,已结束,223,NS,220,BBL,2,0,淘汰赛,BO3,竞技模式,,第十天
100270,10010,2026电竞世俱杯《无畏契约》项目,决赛,2026-07-12T21:45:00+08:00,已结束,122,100T,57,NRG,3,1,淘汰赛,BO5,竞技模式,,决赛
1002373,1000068,2026 VCT CN联赛第二赛段,常规赛 第二周,2026-07-14T17:00:00+08:00,已结束,101,WOL,40,AG,0,2,小组赛,BO3,竞技模式,Omega,
1002374,1000068,2026 VCT CN联赛第二赛段,常规赛 第二周,2026-07-14T19:00:00+08:00,已结束,80,XLG,48,TEC,1,2,小组赛,BO3,竞技模式,Omega,
1002375,1000068,2026 VCT CN联赛第二赛段,常规赛 第二周,2026-07-15T17:00:00+08:00,已结束,74,JDG,11,FPX,0,2,小组赛,BO3,竞技模式,Alpha,
1002376,1000068,2026 VCT CN联赛第二赛段,常规赛 第二周,2026-07-15T19:00:00+08:00,已结束,5,EDG,8,TYL,1,2,小组赛,BO3,竞技模式,Alpha,
1002377,1000068,2026 VCT CN联赛第二赛段,常规赛 第二周,2026-07-16T17:00:00+08:00,已结束,40,AG,21,BLG,1,2,小组赛,BO3,竞技模式,Omega,
1002378,1000068,2026 VCT CN联赛第二赛段,常规赛 第二周,2026-07-16T19:00:00+08:00,已结束,80,XLG,25,DRG,2,0,小组赛,BO3,竞技模式,Omega,
1002379,1000068,2026 VCT CN联赛第二赛段,常规赛 第二周,2026-07-17T15:00:00+08:00,已结束,30,NOVA,74,JDG,2,1,小组赛,BO3,竞技模式,Alpha,
1002380,1000068,2026 VCT CN联赛第二赛段,常规赛 第二周,2026-07-17T17:00:00+08:00,已结束,8,TYL,11,FPX,2,1,小组赛,BO3,竞技模式,Alpha,
1002381,1000068,2026 VCT CN联赛第二赛段,常规赛 第二周,2026-07-17T19:00:00+08:00,已结束,37,TE,5,EDG,0,2,小组赛,BO3,竞技模式,Alpha,
1002382,1000068,2026 VCT CN联赛第二赛段,常规赛 第二周,2026-07-18T17:00:00+08:00,已结束,48,TEC,21,BLG,1,2,小组赛,BO3,竞技模式,Omega,
1002383,1000068,2026 VCT CN联赛第二赛段,常规赛 第二周,2026-07-18T19:00:00+08:00,已结束,40,AG,80,XLG,0,2,小组赛,BO3,竞技模式,Omega,
1002384,1000068,2026 VCT CN联赛第二赛段,常规赛 第二周,2026-07-19T15:00:00+08:00,已结束,37,TE,30,NOVA,1,2,小组赛,BO3,竞技模式,Alpha,
1002385,1000068,2026 VCT CN联赛第二赛段,常规赛 第二周,2026-07-19T17:00:00+08:00,已结束,25,DRG,101,WOL,1,2,小组赛,BO3,竞技模式,Omega,
1002386,1000068,2026 VCT CN联赛第二赛段,常规赛 第二周,2026-07-19T19:00:00+08:00,已结束,5,EDG,74,JDG,2,0,小组赛,BO3,竞技模式,Alpha,
1002387,1000068,2026 VCT CN联赛第二赛段,常规赛 第三周,2026-07-20T17:00:00+08:00,已结束,48,TEC,40,AG,0,2,小组赛,BO3,竞技模式,Omega,
1002388,1000068,2026 VCT CN联赛第二赛段,常规赛 第三周,2026-07-20T19:00:00+08:00,已结束,21,BLG,80,XLG,2,1,小组赛,BO3,竞技模式,Omega,
1002389,1000068,2026 VCT CN联赛第二赛段,常规赛 第三周,2026-07-21T17:00:00+08:00,已结束,74,JDG,37,TE,2,0,小组赛,BO3,竞技模式,Alpha,
1002390,1000068,2026 VCT CN联赛第二赛段,常规赛 第三周,2026-07-21T19:00:00+08:00,已结束,5,EDG,30,NOVA,0,2,小组赛,BO3,竞技模式,Alpha,
1002391,1000068,2026 VCT CN联赛第二赛段,常规赛 第三周,2026-07-22T17:00:00+08:00,已结束,80,XLG,101,WOL,2,1,小组赛,BO3,竞技模式,Omega,
1002392,1000068,2026 VCT CN联赛第二赛段,常规赛 第三周,2026-07-22T19:00:00+08:00,已结束,40,AG,25,DRG,2,1,小组赛,BO3,竞技模式,Omega,
1002393,1000068,2026 VCT CN联赛第二赛段,常规赛 第三周,2026-07-23T17:00:00+08:00,已结束,8,TYL,30,NOVA,0,2,小组赛,BO3,竞技模式,Alpha,
1002394,1000068,2026 VCT CN联赛第二赛段,常规赛 第三周,2026-07-23T19:00:00+08:00,已结束,11,FPX,5,EDG,1,2,小组赛,BO3,竞技模式,Alpha,
1002395,1000068,2026 VCT CN联赛第二赛段,常规赛 第三周,2026-07-24T17:00:00+08:00,已结束,37,TE,48,TEC,2,0,小组赛,BO3,竞技模式,,
1002396,1000068,2026 VCT CN联赛第二赛段,常规赛 第三周,2026-07-24T19:00:00+08:00,已结束,5,EDG,40,AG,2,0,小组赛,BO3,竞技模式,,
1002397,1000068,2026 VCT CN联赛第二赛段,常规赛 第三周,2026-07-25T17:00:00+08:00,已结束,74,JDG,25,DRG,1,2,小组赛,BO3,竞技模式,,
1002398,1000068,2026 VCT CN联赛第二赛段,常规赛 第三周,2026-07-25T19:00:00+08:00,已结束,8,TYL,80,XLG,0,2,小组赛,BO3,竞技模式,,
1002399,1000068,2026 VCT CN联赛第二赛段,常规赛 第三周,2026-07-26T17:00:00+08:00,已结束,11,FPX,101,WOL,2,0,小组赛,BO3,竞技模式,,
1002400,1000068,2026 VCT CN联赛第二赛段,常规赛 第三周,2026-07-26T19:00:00+08:00,已结束,30,NOVA,21,BLG,2,0,小组赛,BO3,竞技模式,,
1002604,1000068,2026 VCT CN联赛第二赛段,胜者组第一轮,2026-08-05T16:00:00+08:00,已结束,37,TE,208,AT,2,0,入围赛,BO3,竞技模式,,
1002605,1000068,2026 VCT CN联赛第二赛段,胜者组第一轮,2026-08-05T18:00:00+08:00,已结束,48,TEC,49,KBG,2,1,入围赛,BO3,竞技模式,,
1002606,1000068,2026 VCT CN联赛第二赛段,胜者组第二轮,2026-08-06T16:00:00+08:00,已结束,11,FPX,74,JDG,1,2,入围赛,BO3,竞技模式,,
1002607,1000068,2026 VCT CN联赛第二赛段,胜者组第二轮,2026-08-06T18:00:00+08:00,已结束,101,WOL,25,DRG,1,2,入围赛,BO3,竞技模式,,
1002608,1000068,2026 VCT CN联赛第二赛段,胜者组第二轮,2026-08-07T16:00:00+08:00,已结束,40,AG,37,TE,2,1,入围赛,BO3,竞技模式,,
1002609,1000068,2026 VCT CN联赛第二赛段,胜者组第二轮,2026-08-07T18:00:00+08:00,已结束,5,EDG,48,TEC,1,2,入围赛,BO3,竞技模式,,
1002612,1000068,2026 VCT CN联赛第二赛段,败者组第一轮,2026-08-08T16:00:00+08:00,已结束,208,AT,101,WOL,1,2,入围赛,BO3,竞技模式,,
1002613,1000068,2026 VCT CN联赛第二赛段,败者组第一轮,2026-08-08T18:00:00+08:00,已结束,49,KBG,11,FPX,0,2,入围赛,BO3,竞技模式,,
1002614,1000068,2026 VCT CN联赛第二赛段,败者组第二轮,2026-08-09T16:00:00+08:00,已结束,5,EDG,101,WOL,2,1,入围赛,BO3,竞技模式,,
1002615,1000068,2026 VCT CN联赛第二赛段,败者组第二轮,2026-08-09T18:00:00+08:00,已结束,37,TE,11,FPX,2,0,入围赛,BO3,竞技模式,,
1002610,1000068,2026 VCT CN联赛第二赛段,胜者组第三轮,2026-08-10T16:00:00+08:00,已结束,40,AG,74,JDG,2,0,入围赛,BO3,竞技模式,,
1002611,1000068,2026 VCT CN联赛第二赛段,胜者组第三轮,2026-08-10T18:00:00+08:00,已结束,48,TEC,25,DRG,2,1,入围赛,BO3,竞技模式,,
1002616,1000068,2026 VCT CN联赛第二赛段,败者组第三轮,2026-08-11T16:00:00+08:00,已结束,74,JDG,5,EDG,2,0,入围赛,BO3,竞技模式,,
1002617,1000068,2026 VCT CN联赛第二赛段,败者组第三轮,2026-08-11T18:00:00+08:00,已结束,25,DRG,37,TE,1,2,入围赛,BO3,竞技模式,,
1002618,1000068,2026 VCT CN联赛第二赛段,入围排位赛,2026-08-12T16:00:00+08:00,已结束,40,AG,48,TEC,1,2,入围赛,BO3,竞技模式,,
1002619,1000068,2026 VCT CN联赛第二赛段,入围排位赛,2026-08-12T18:00:00+08:00,已结束,74,JDG,37,TE,0,2,入围赛,BO3,竞技模式,,
1002620,1000068,2026 VCT CN联赛第二赛段,首轮比赛,2026-08-14T16:00:00+08:00,已结束,30,NOVA,74,JDG,0,2,季后赛,BO3,竞技模式,,
1002621,1000068,2026 VCT CN联赛第二赛段,首轮比赛,2026-08-14T18:00:00+08:00,已结束,8,TYL,48,TEC,2,0,季后赛,BO3,竞技模式,,
1002622,1000068,2026 VCT CN联赛第二赛段,首轮比赛,2026-08-15T16:00:00+08:00,已结束,21,BLG,37,TE,2,1,季后赛,BO3,竞技模式,,
1002623,1000068,2026 VCT CN联赛第二赛段,首轮比赛,2026-08-15T18:00:00+08:00,已结束,80,XLG,40,AG,2,1,季后赛,BO3,竞技模式,,
1002627,1000068,2026 VCT CN联赛第二赛段,败者组第一轮,2026-08-16T16:00:00+08:00,已结束,30,NOVA,48,TEC,2,0,季后赛,BO3,竞技模式,,
1002628,1000068,2026 VCT CN联赛第二赛段,败者组第一轮,2026-08-16T18:00:00+08:00,已结束,37,TE,40,AG,1,2,季后赛,BO3,竞技模式,,
1002624,1000068,2026 VCT CN联赛第二赛段,胜者组第二轮,2026-08-19T16:00:00+08:00,已结束,74,JDG,8,TYL,2,1,季后赛,BO3,竞技模式,,
1002625,1000068,2026 VCT CN联赛第二赛段,胜者组第二轮,2026-08-19T18:00:00+08:00,进行中,21,BLG,80,XLG,2,1,季后赛,BO3,竞技模式,,
1002629,1000068,2026 VCT CN联赛第二赛段,败者组第二轮,2026-08-20T16:00:00+08:00,未开始,8,TYL,40,AG,0,0,季后赛,BO3,竞技模式,,
1002630,1000068,2026 VCT CN联赛第二赛段,败者组第二轮,2026-08-20T18:00:00+08:00,未开始,80,XLG,30,NOVA,0,0,季后赛,BO3,竞技模式,,
1002626,1000068,2026 VCT CN联赛第二赛段,胜者组决赛,2026-08-21T16:00:00+08:00,未开始,74,JDG,21,BLG,0,0,季后赛,BO3,竞技模式,,
1002631,1000068,2026 VCT CN联赛第二赛段,败者组半决赛,2026-08-21T18:00:00+08:00,未开始,,,,,0,0,季后赛,BO3,竞技模式,,
1002632,1000068,2026 VCT CN联赛第二赛段,败者组决赛,2026-08-22T16:00:00+08:00,未开始,,,,,0,0,季后赛,BO5,竞技模式,,
1002633,1000068,2026 VCT CN联赛第二赛段,总决赛,2026-08-23T16:00:00+08:00,未开始,,,,,0,0,季后赛,BO5,竞技模式,,
