player_id,nickname,real_name,game_nickname,team_id,team_sp_name,avatar,is_main,is_active,is_focus,desc
1127,Boostio,Boostio,Boostio,122,100T,https://esports.val.qq.com/val/gen/player/Boostio4133a894bf7828844868fb13ff2128e3.png,True,True,True,
1498,eeiu,Eeiu,eeiu,122,100T,https://esports.val.qq.com/val/gen/player/eeiu1558dbcbbfd43e9989d38d9c25a252f3.png,True,True,True,
1497,Asuna,Asuna,Asuna,122,100T,https://esports.val.qq.com/val/gen/player/Asuna310bf938ae1594aa1893ccd45291e15a.png,True,True,True,
1496,bang,bang,bang,122,100T,https://esports.val.qq.com/val/gen/player/bangce1475ef2c00cc70fa26dd0a90237c03.png,True,True,True,
1495,Cryo,Cryo,Cryo,122,100T,https://esports.val.qq.com/val/gen/player/Cryo085b83776a459e18ea7f0a16b3cf3bea.png,True,True,True,
78,sword9,李卫,sword9,40,AG,https://esports.val.qq.com/val/gen/player/sword9ee506278c7dd4b2e7b96e65be85dd5a9.png,True,True,True,
1439,DeLb,Delbert Tanoto,DeLb,40,AG,https://esports.val.qq.com/val/gen/player/DeLbf2940badf2ed8d5b8acff6894957c868.png,True,True,True,
17,Bunt,姜河,Bunt,40,AG,https://esports.val.qq.com/val/gen/player/Bunt3b410b28512329f141f0f27579e02e91.png,True,True,True,
155,Spitfires,辛明阳,Spitfires,40,AG,https://esports.val.qq.com/val/gen/player/Spitfires3146a3d38c69d1443148dc96a1819ec9.png,True,True,True,
2,monk,王浩宇,monk,40,AG,https://esports.val.qq.com/val/gen/player/monkded50ac8b934bed832e4260d132ddf11.png,True,True,True,
6,Alex,李想,Alex,1,ASE,https://esports.val.qq.com/val/players/ASE/Alex.png,True,True,False,
5,YHchen,陳昱瀚,YHchen,1,ASE,https://esports.val.qq.com/val/players/ASE/YHchen.png,True,True,False,
4,Bunt,姜河,Bunt,1,ASE,https://esports.val.qq.com/val/players/ASE/Bunt.png,True,True,False,
3,monk,王浩宇,monk,1,ASE,https://esports.val.qq.com/val/players/ASE/monk.png,True,True,False,
2,Life,瞿东豪,Life,1,ASE,https://esports.val.qq.com/val/players/ASE/Life.png,True,True,False,
1,hfmi0dzjc9z7,张峻程,hfmi0dzjc9z7,1,ASE,https://esports.val.qq.com/val/players/ASE/hfmi0dzjc9z7.png,True,True,False,
2,Monk,王浩宇,Monk,208,AT,https://esports.val.qq.com/val/gen/player/Monka9bedda4a636dd842c9cadb56098db31.png,True,True,True,
80,EREN,杨曾威,EREN,208,AT,https://esports.val.qq.com/val/gen/player/EREN67fcbd1f97bebe47614da149db806f85.png,True,True,True,
84,Pinklove,李松原,Pinklove,208,AT,https://esports.val.qq.com/val/gen/player/Pinklovea3308b808f88fe0c7bfdda29335c31b6.png,False,True,True,
283,Chaos,陈俊霖,Chaos,208,AT,https://esports.val.qq.com/val/gen/player/Chaose537991f7d87cd8f63bb73f48bd4168b.png,False,True,True,
1459,Dingwei,魏定玮,Dingwei,208,AT,https://esports.val.qq.com/val/gen/player/Dingwei937af870ab041477ce79df02f5f69171.jpeg,True,True,True,
2101,Folykiki,陈宇杰,Folykiki,208,AT,,True,True,True,
2108,Layla,HOANGDUCHUNG,Layla,208,AT,,True,True,True,
1513,nephh,TAN KAI WEN MARCUS,nephh,21,BLG,https://esports.val.qq.com/val/gen/player/nephh99f907fb286b46044677712690100efa.png,True,True,True,
22,Knight,刘宇翔,Knight,21,BLG,https://esports.val.qq.com/val/gen/player/Knight99ce82ad193a9148683aa38accca7c8a.png,True,True,True,
23,yosemite,王磊,yosemite,21,BLG,https://esports.val.qq.com/val/gen/player/yosemite77f0335424df819c735da4b5ab5dc848.png,True,True,True,
56,B3Ar,杨瞻雄,B3Ar,21,BLG,https://esports.val.qq.com/val/gen/player/B3Aradb2b84fd9c0520dfba604a463fcc505.png,False,True,True,
35,whzy,王昊哲,whzy,21,BLG,https://esports.val.qq.com/val/gen/player/whzy32ba8d0566f85818ec40c2beffbda587.png,True,True,True,
66,Flex1n,罗瑞,Flex1n,21,BLG,https://esports.val.qq.com/val/gen/player/Flex1n861dc2f7df687cc174eef5bc157c4705.png,True,True,True,
1702,Akame,Akame,Akame,106,DFM,https://esports.val.qq.com/val/gen/player/Akame94d37886d53c4a08d9a51dfe7b7c8ef6.png,True,True,True,
1701,SSeeS,SSeeS,SSeeS,106,DFM,https://esports.val.qq.com/val/gen/player/SSeeSa20d1ec1432a2e014dc9410df7cb5d75.png,True,True,True,
1700,Art,Art,Art,106,DFM,https://esports.val.qq.com/val/gen/player/Art45937063c9f985be31be3d6106fb9da5.png,True,True,True,
1699,Meiy,Meiy,Meiy,106,DFM,https://esports.val.qq.com/val/gen/player/Meiy548ddea8c85e08c114225b4a5fd8006f.png,True,True,True,
1703,Jinboong,Jinboong,Jinboong,106,DFM,https://esports.val.qq.com/val/gen/player/Jinboong5e62ed3846c83bea2ad12c09f88204b5.png,True,True,True,
1704,gyen,gyen,gyen,106,DFM,,False,True,True,
55,MaKo,,MaKo,59,DRX,https://esports.val.qq.com/val/players/DRX/MaKo.png,True,True,False,
54,Rb,,Rb,59,DRX,https://esports.val.qq.com/val/players/DRX/Rb.png,True,True,False,
53,Zest,,Zest,59,DRX,https://esports.val.qq.com/val/players/DRX/Zest.png,True,True,False,
52,stax,,stax,59,DRX,https://esports.val.qq.com/val/players/DRX/stax.png,True,True,False,
56,BuZz,,BuZz,59,DRX,https://esports.val.qq.com/val/players/DRX/BuZz.png,True,True,False,
57,Foxy9,,Foxy9,59,DRX,https://esports.val.qq.com/val/players/DRX/Foxy9.png,True,True,False,
73,Muggle,,Muggle,5,EDG,https://esports.val.qq.com/val/players/EDG/Muggle.png,True,True,False,
11,Smoggy,张钊,Smoggy,5,EDG,https://esports.val.qq.com/val/players/EDG/Smoggy.png,True,True,False,
10,ZmjjKK,郑永康,ZmjjKK,5,EDG,https://esports.val.qq.com/val/players/EDG/ZmjjKK.png,True,True,False,
9,nobody,王森旭,nobody,5,EDG,https://esports.val.qq.com/val/players/EDG/nobody.png,True,True,False,
8,CHICHOO,万顺治,CHICHOO,5,EDG,https://esports.val.qq.com/val/players/EDG/CHICHOO.png,True,True,False,
7,Haodong,郭浩东,Haodong,5,EDG,https://esports.val.qq.com/val/players/EDG/Haodong.png,True,True,False,
74,Demon1,,Demon1,56,EG,,True,True,False,
17,BCJ,,BCJ,56,EG,https://esports.val.qq.com/val/players/EG/BCJ.png,True,True,False,
16,Ethan,,Ethan,56,EG,https://esports.val.qq.com/val/players/EG/Ethan.png,True,True,False,
15,C0M,,C0M,56,EG,https://esports.val.qq.com/val/players/EG/C0M.png,True,True,False,
14,Boostio,,Boostio,56,EG,https://esports.val.qq.com/val/players/EG/Boostio.png,True,True,False,
13,Jawgemo,,Jawgemo,56,EG,https://esports.val.qq.com/val/players/EG/Jawgemo.png,True,True,False,
12,Reformed,唐时俊,Reformed,56,EG,https://esports.val.qq.com/val/players/EG/Reformed.png,True,True,False,
34,Kamyk,,Kamyk,51,FNC,https://esports.val.qq.com/val/players/FNC/Kamyk.png,True,True,False,
33,Leo,,Leo,51,FNC,https://esports.val.qq.com/val/players/FNC/Leo.png,True,True,False,
32,DERKE,,DERKE,51,FNC,https://esports.val.qq.com/val/players/FNC/DERKE.png,True,True,False,
31,CHRONICLE,,CHRONICLE,51,FNC,https://esports.val.qq.com/val/players/FNC/CHRONICLE.png,True,True,False,
30,Alfajer,,Alfajer,51,FNC,https://esports.val.qq.com/val/players/FNC/Alfajer.png,True,True,False,
29,BOASTER,,BOASTER,51,FNC,https://esports.val.qq.com/val/players/FNC/BOASTER.png,True,True,False,
50,Lysoar,梁优好,Lysoar,11,FPX,https://esports.val.qq.com/val/gen/player/Lysoare64f7fabd8d9103d6f79f7290e70ae3d.png,True,True,True,
47,AAAAY,张杨,AAAAY,11,FPX,https://esports.val.qq.com/val/gen/player/AAAAYb5a03d34385febe7e2c6f466f33eee2e.png,True,True,True,
45,BerLIN,张柏霖,BerLIN,11,FPX,https://esports.val.qq.com/val/gen/player/BerLINbbac87f0be35557c69b644ecdab14eaf.png,True,True,True,
10,Life,瞿东豪,Life,11,FPX,https://esports.val.qq.com/val/gen/player/Life3c6ee41df38a6f4f16a932e933ab70b9.png,True,True,True,
1305,autumn,DUNNEKale John,autumn,11,FPX,https://esports.val.qq.com/val/gen/player/autumn02dd8e167d6d3b492974dfe9074a9593.png,True,True,True,
40,qw1,,qw1,53,FUT,https://esports.val.qq.com/val/players/FUT/qw1.png,True,True,False,
39,qRaxs,,qRaxs,53,FUT,https://esports.val.qq.com/val/players/FUT/qRaxs.png,True,True,False,
38,Muj,,Muj,53,FUT,https://esports.val.qq.com/val/players/FUT/Muj.png,True,True,False,
37,MrFaliN,,MrFaliN,53,FUT,https://esports.val.qq.com/val/players/FUT/MrFaliN.png,True,True,False,
36,mojj,,mojj,53,FUT,https://esports.val.qq.com/val/players/FUT/mojj.png,True,True,False,
35,ATAKAPTAN,,ATAKAPTAN,53,FUT,https://esports.val.qq.com/val/players/FUT/ATAKAPTAN.png,True,True,False,
1503,icy,icy,icy,123,G2,https://esports.val.qq.com/val/gen/player/icycbd5bab108acd5cb5fef8af8be9c881a.png,True,True,True,
1502,JonahP,JonahP,JonahP,123,G2,https://esports.val.qq.com/val/gen/player/JonahP386afa69ccd1990232a95d21263adebf.png,True,True,True,
1501,leaf,leaf,leaf,123,G2,https://esports.val.qq.com/val/gen/player/leaf8aed450073b4c3cabd5775f1aa6cd7c6.png,True,True,True,
1500,trent,trent,trent,123,G2,https://esports.val.qq.com/val/gen/player/trenta635b1ec028b82a1dc70fccee8e660eb.png,True,True,True,
1499,valyn,valyn,valyn,123,G2,https://esports.val.qq.com/val/gen/player/valyn83a04d426961727cb0cfdbe3ef3b8f7e.png,True,True,True,
1179,Munchkin,Munchkin,Munchkin,120,GEN,https://esports.val.qq.com/val/gen/player/Munchkinecd0f24d1aa6c043c77fb75f7fc425d1.png,True,True,True,
1490,Karon,Karon,Karon,120,GEN,https://esports.val.qq.com/val/gen/player/Karonabe83e764adfe086c312e12f3137ad8d.png,True,True,True,
1488,Lakia,Lakia,Lakia,120,GEN,https://esports.val.qq.com/val/gen/player/Lakiaea249bdbc13809fb03bb4270a48d8dd5.png,True,True,True,
1487,t3xture,t3xture,t3xture,120,GEN,https://esports.val.qq.com/val/gen/player/t3xture449a041c64939357398125b163db2563.png,True,True,True,
1486,Meteor,Meteor,Meteor,120,GEN,https://esports.val.qq.com/val/gen/player/Meteora571ef630ca845ec78fd4c02f272538f.png,True,True,True,
1,YHchen,陈昱瀚,YHchen,74,JDG,https://esports.val.qq.com/val/gen/player/YHchenbe1b8d558a79fb674f7ac3e80f267d35.png,True,True,True,
89,Z1Yan,刘紫涵,Z1Yan,74,JDG,https://esports.val.qq.com/val/gen/player/Z1Yan818a504f9f15914549d9235ffadc7637.png,True,True,True,
153,Viva,冉立凡,Viva,74,JDG,https://esports.val.qq.com/val/gen/player/Vivad95073bff7059678b8fce8991af3c6b9.png,True,True,True,
156,MarT1n,卓政杰,MarT1n,74,JDG,https://esports.val.qq.com/val/gen/player/MarT1nf7472027913f4a9b54f120d804618760.png,False,True,True,
1196,stew,朴英灿,stew,74,JDG,https://esports.val.qq.com/val/gen/player/stewdf872495d5fedca0487c372a617ebb92.png,True,True,True,
1268,jkuro,杨浩聪,jkuro,74,JDG,https://esports.val.qq.com/val/gen/player/jkuro813b4fc2bb4720c576ec4ad8310e80f7.png,True,True,True,
1477,tomaszy,tomaszy,tomaszy,118,KC,https://esports.val.qq.com/val/gen/player/tomaszye605345a98cd7fee80f2dd40099d746b.png,True,True,True,
1476,Marteen,Marteen,Marteen,118,KC,https://esports.val.qq.com/val/gen/player/Marteend427736bfac812690b4bc440799ddb1d.png,True,True,True,
1475,Magnum,Magnum,Magnum,118,KC,https://esports.val.qq.com/val/gen/player/Magnum197dc6f6d58c21f909d058eda537a4ac.png,True,True,True,
1474,sh1n,sh1n,sh1n,118,KC,https://esports.val.qq.com/val/gen/player/sh1ne5d28d0f7988fa02d5b83d8e5cebf7c1.png,True,True,True,
1479,N4rrate,N4rrate,N4rrate,118,KC,https://esports.val.qq.com/val/gen/player/N4rratecd7f4a7a6d92497aa004f4ad954c7a43.png,True,True,True,
1131,aspas,Aspas,aspas,121,LEV,https://esports.val.qq.com/val/gen/player/aspasf507837c724f7e2c74a2a6e1200bf163.png,True,True,True,
1506,tex,tex,tex,121,LEV,https://esports.val.qq.com/val/gen/player/tex3653c6301efb55efcacf3f6132f595f0.png,True,True,True,
1505,Mazino,Mazino,Mazino,121,LEV,https://esports.val.qq.com/val/gen/player/Mazino735aa98712bc0394381962db150a3ab1.png,True,True,True,
1504,kiNgg,KiNgg,kiNgg,121,LEV,https://esports.val.qq.com/val/gen/player/kiNgg65d060184c7b3126cb41f1b22d72cabf.png,True,True,True,
1128,C0M,C0M,C0M,121,LEV,https://esports.val.qq.com/val/gen/player/C0M425598c45bd5938e877dfa7f8abf4453.png,True,True,True,
76,stk,,stk,55,LOUD,https://esports.val.qq.com/val/players/LOUD/stkJ.png,True,True,False,
18,aspas,,aspas,55,LOUD,https://esports.val.qq.com/val/players/LOUD/aspas.png,True,True,False,
19,Less,,Less,55,LOUD,https://esports.val.qq.com/val/players/LOUD/Less.png,True,True,False,
20,Saadhak,,Saadhak,55,LOUD,https://esports.val.qq.com/val/players/LOUD/Saadhak.png,True,True,False,
22,Tuyz,,Tuyz,55,LOUD,https://esports.val.qq.com/val/players/LOUD/Tuyz.png,True,True,False,
21,Cauanzin,,Cauanzin,55,LOUD,https://esports.val.qq.com/val/players/LOUD/Cauanzin.png,True,True,False,
46,Shao,,Shao,54,NAVI,https://esports.val.qq.com/val/players/NAVI/Shao.png,True,True,False,
45,CNED,,CNED,54,NAVI,https://esports.val.qq.com/val/players/NAVI/CNED.png,True,True,False,
44,SUYGETSU,,SUYGETSU,54,NAVI,https://esports.val.qq.com/val/players/NAVI/SUYGETSU.png,True,True,False,
43,Zyppan,,Zyppan,54,NAVI,https://esports.val.qq.com/val/players/NAVI/Zyppan.png,True,True,False,
42,ANGE1,,ANGE1,54,NAVI,https://esports.val.qq.com/val/players/NAVI/ANGE1.png,True,True,False,
41,LATEKS,,LATEKS,54,NAVI,https://esports.val.qq.com/val/players/NAVI/LATEKS.png,True,True,False,
198,OBONE,陈羿杰,OBONE,30,NOVA,https://esports.val.qq.com/val/gen/player/OBONEc0073c7b66002848917da60f4e2ad088.png,False,True,True,
1251,Ezeir,赵泽骏,Ezeir,30,NOVA,https://esports.val.qq.com/val/gen/player/Ezeir98a5b1390d0747cc0118968a093c19b8.png,True,True,True,
1252,cb,王晴川,cb,30,NOVA,https://esports.val.qq.com/val/gen/player/cbb0593d318b73a1a7fdc0df72c0f57ab1.png,True,True,True,
1411,GuanG,光洪霖,GuanG,30,NOVA,https://esports.val.qq.com/val/gen/player/GuanG7ed39c111e429fd7f3d0326a42bc329a.png,True,True,True,
257,Swerl,KOBRAEEMOHAMMAD ALI,Swerl,30,NOVA,https://esports.val.qq.com/val/gen/player/Swerl1063f2697a01e29a67aab26427564452.png,True,True,True,
226,o0o0o,叶晓栋,o0o0o,30,NOVA,https://esports.val.qq.com/val/gen/player/o0o0o6144648b315d99bc47cd468e0c09875e.png,True,True,True,
77,ethos,,ethos,57,NRG,,True,True,False,
27,Ardiis,,Ardiis,57,NRG,https://esports.val.qq.com/val/players/NRG/Ardiis.png,True,True,False,
26,Crashies,,Crashies,57,NRG,https://esports.val.qq.com/val/players/NRG/Crashies.png,True,True,False,
25,FiNESSE,,FiNESSE,57,NRG,https://esports.val.qq.com/val/players/NRG/FNS.png,True,True,False,
24,s0m,,s0m,57,NRG,https://esports.val.qq.com/val/players/NRG/s0m.png,True,True,False,
23,Victor,,Victor,57,NRG,https://esports.val.qq.com/val/players/NRG/Victor.png,True,True,False,
58,Benkai,,Benkai,58,PRX,https://esports.val.qq.com/val/players/PRX/Benkai.png,True,True,False,
64,Something,,Something,58,PRX,https://esports.val.qq.com/val/players/PRX/Something.png,True,True,False,
63,cgrs,,cgrs,58,PRX,https://esports.val.qq.com/val/players/PRX/cgrs.png,True,True,False,
62,Jinggg,,Jinggg,58,PRX,https://esports.val.qq.com/val/players/PRX/Jinggg.png,True,True,False,
61,mindfreak,,mindfreak,58,PRX,https://esports.val.qq.com/val/players/PRX/mindfreak.png,True,True,False,
60,f0rsakeN,,f0rsakeN,58,PRX,https://esports.val.qq.com/val/players/PRX/f0rsakeN.png,True,True,False,
59,d4v41,,d4v41,58,PRX,https://esports.val.qq.com/val/players/PRX/d4v41.png,True,True,False,
1492,Monyet,Monyet,Monyet,155,RRQ,https://esports.val.qq.com/val/gen/player/Monyetdae4466839e14d315c9d26b25c4de99a.png,True,True,True,
1708,Kushy,Kushy,Kushy,155,RRQ,https://esports.val.qq.com/val/gen/player/Kushy5e837e71dd19c2fddf7d4099d82cb0ca.png,True,True,True,
1707,Xffero,Xffero,Xffero,155,RRQ,https://esports.val.qq.com/val/gen/player/Xfferocad5892c778d52eab693a5b53cc9c536.png,True,True,True,
1706,Estrella,Estrella,Estrella,155,RRQ,https://esports.val.qq.com/val/gen/player/Estrella9fb3479ee4a154ad5e5b08e94841f538.png,True,True,True,
1705,Jemkin,Jemkin,Jemkin,155,RRQ,https://esports.val.qq.com/val/gen/player/Jemkin956d8c888d76b380570f28285946d8be.png,True,True,True,
1485,Zellsis,Zellsis,Zellsis,117,SEN,https://esports.val.qq.com/val/gen/player/Zellsis594895828fe04f01585924c281cb8038.png,True,True,True,
1484,johnqt,johnqt,johnqt,117,SEN,https://esports.val.qq.com/val/gen/player/johnqt23dea50d29ca7ef66f78b3773ff0924f.png,True,True,True,
1482,Sacy,Sacy,Sacy,117,SEN,https://esports.val.qq.com/val/gen/player/Sacy9aaeb5bfbec3cd034e82edf7a2ba4aa5.png,True,True,True,
1481,TenZ,TenZ,TenZ,117,SEN,https://esports.val.qq.com/val/gen/player/TenZ053b023602fbac1774d6d8660d6e6dbc.png,True,True,True,
1480,zekken,zekken,zekken,117,SEN,https://esports.val.qq.com/val/gen/player/zekkenbe82bb05f1c91aab8419aad7b53642a9.png,True,True,True,
72,iNTRO,,iNTRO,60,T1,https://esports.val.qq.com/val/players/T1/iNTRO.png,True,True,False,
70,XETA,,XETA,60,T1,https://esports.val.qq.com/val/players/T1/XETA.png,True,True,False,
69,SAYAPLAYER,,SAYAPLAYER,60,T1,https://esports.val.qq.com/val/players/T1/SAYAPLAYER.png,True,True,False,
68,MUNCHKIN,,MUNCHKIN,60,T1,https://esports.val.qq.com/val/players/T1/MUNCHKIN.png,True,True,False,
67,CARPE,,CARPE,60,T1,https://esports.val.qq.com/val/players/T1/CARPE.png,True,True,False,
65,BAN,,BAN,60,T1,https://esports.val.qq.com/val/players/T1/BAN.png,True,True,False,
29,FengF,宋学锋,FengF,37,TE,https://esports.val.qq.com/val/gen/player/FengF1535377c9e9a5ada7bab805c169ac0b9.png,True,True,True,
24,LuoK1ng,张展鹏,LuoK1ng,37,TE,https://esports.val.qq.com/val/gen/player/LuoK1ng0857cd3d14e35b170928747dbda5ecd4.png,True,True,True,
249,Kai,卢智楠,Kai,37,TE,https://esports.val.qq.com/val/gen/player/Kai9b5ebf1c6499a02a2184853ddd700864.png,True,True,True,
106,heybay,何洵熙,heybay,37,TE,https://esports.val.qq.com/val/gen/player/heybay192154fb573ba1d3d3c803ad50e26887.png,True,True,True,
52,Biank,钟剑飞,Biank,37,TE,https://esports.val.qq.com/val/gen/player/Biankc6e61ae8919f196fce66453b87ffa692.png,True,True,True,
1243,B1ack,李松泰,B1ack,48,TEC,https://esports.val.qq.com/val/gen/player/B1ack75fe3903f373325177c8faabd1c8e5d6.png,False,True,True,
13,Abo,韩博皓,Abo,48,TEC,https://esports.val.qq.com/val/gen/player/Aboc6b6ab370d7365395f22d2f96e2cd978.png,True,True,True,
57,York,姚堃,York,48,TEC,https://esports.val.qq.com/val/gen/player/Yorkeb8e92e9f288a893ede7d46a6b7da261.png,False,True,True,
1465,Rb,GOOSANGMIN,Rb,48,TEC,https://esports.val.qq.com/val/gen/player/Rbcb927d6a7ad6331f9940ee65e847b12a.png,True,True,True,
59,AC,韦家聪,AC,48,TEC,https://esports.val.qq.com/val/gen/player/ACd4f531120a8f081a77b4e19807611eb4.png,True,True,True,
30,LockM,邢福凌,LockM,48,TEC,https://esports.val.qq.com/val/gen/player/LockM893f5970b0d90b68b62a0f16f986ad91.png,True,True,True,
213,kawaii,朴民,kawaii,48,TEC,https://esports.val.qq.com/val/gen/player/kawaiiebce4c7bd14fc22f54289658672d469a.png,True,True,True,
1470,RieNs,RieNs,RieNs,119,TH,https://esports.val.qq.com/val/gen/player/RieNsfc070d15265d719a96db673beba3844a.png,True,True,True,
1471,paTiTek,paTiTek,paTiTek,119,TH,https://esports.val.qq.com/val/gen/player/paTiTek0715230a2cf0d12b98574d0d67e18b2b.png,True,True,True,
1468,benjyfishy,benjyfishy,benjyfishy,119,TH,https://esports.val.qq.com/val/gen/player/benjyfishy410d3f024cb6d20ae4fb4d369198d77c.png,True,True,True,
1467,Boo,Boo,Boo,119,TH,https://esports.val.qq.com/val/gen/player/Boofec7c13fc6ab0b25bfdb74c9854c27b5.png,True,True,True,
1472,Wo0t,Wo0t,Wo0t,119,TH,https://esports.val.qq.com/val/gen/player/Wo0t589454b388a7daf02025c47cc555bdf8.png,True,True,True,
78,dimasick,,dimasick,52,TL,,True,True,False,
51,nAts,,nAts,52,TL,https://esports.val.qq.com/val/players/TL/nAts.png,True,True,False,
50,REDGAR,,REDGAR,52,TL,https://esports.val.qq.com/val/players/TL/REDGAR.png,True,True,False,
49,Sayf,,Sayf,52,TL,https://esports.val.qq.com/val/players/TL/Sayf.png,True,True,False,
48,soulcas,,soulcas,52,TL,https://esports.val.qq.com/val/players/TL/soulcas.png,True,True,False,
47,Jamppi,,Jamppi,52,TL,https://esports.val.qq.com/val/players/TL/Jamppi.png,True,True,False,
1526, JitBoyS, JitBoyS, JitBoyS,127,TLN,https://esports.val.qq.com/val/gen/player/ JitBoyS6d233d120b74154712c417336d17bc81.jpeg,True,True,True,
1527,Governor,Governor,Governor,127,TLN,https://esports.val.qq.com/val/gen/player/Governorb12a72dc0c706d130676efb5aa4b5999.jpeg,True,True,True,
1529, Crws, Crws, Crws,127,TLN,https://esports.val.qq.com/val/gen/player/ Crws5f3d6680ba46d339b4d916255ea527fa.jpeg,True,True,True,
1528,ban,ban,ban,127,TLN,https://esports.val.qq.com/val/gen/player/ban6aae89aecf71cdc7b04dfb26d9475dba.jpeg,True,True,True,
1525, primmie, primmie, primmie,127,TLN,https://esports.val.qq.com/val/gen/player/ primmie4df529588f8eedd2b849f02a50247693.jpeg,True,True,True,
80,EREN,杨曾威,EREN,8,TYL,https://esports.val.qq.com/val/gen/player/EREN6794ec713bae09cd770223df82ab3a77.png,False,True,True,
26,AAK,施叶凯,AAK,8,TYL,https://esports.val.qq.com/val/gen/player/AAK3c69c3b75a36bc2bcd63e23e96c1e4e8.png,True,True,True,
298,Scales,张震,Scales,8,TYL,https://esports.val.qq.com/val/gen/player/Scales04a9c95a0651d6674daafdae9a8679f3.png,True,True,True,
4,hfmi0dzjc9z7,张峻程,hfmi0dzjc9z7,8,TYL,https://esports.val.qq.com/val/gen/player/hfmi0dzjc9z780f1f078bfb4d289cbcf22784a72fe91.png,True,True,True,
21,Ninebody,丁毅,Ninebody,8,TYL,https://esports.val.qq.com/val/gen/player/Ninebody362a8c1e84d316a301a63f72a5c09489.png,True,True,True,
25,ColdFish,向鹏志,ColdFish,8,TYL,https://esports.val.qq.com/val/gen/player/ColdFish6bd92b8345084eef24c3b8d3b991be72.png,True,True,True,
1532,runneR,runneR,runneR,126,VIT,https://esports.val.qq.com/val/gen/player/runneRe7c773481a9b075e9b6d61e238766e21.jpeg,True,True,True,
1531, trexx, trexx, trexx,126,VIT,https://esports.val.qq.com/val/gen/player/ trexxffbd62a1faddb9d9f4d30ec7398c7665.jpeg,True,True,True,
1161,Sayf,Sayf,Sayf,126,VIT,https://esports.val.qq.com/val/gen/player/Sayf5f7fb9caa80f58260737f9cd1d2a5d04.jpeg,True,True,True,
1530,Kicks,Kicks,Kicks,126,VIT,https://esports.val.qq.com/val/gen/player/Kickse38d5f7f13577e36ba194dcdc4c7504b.jpeg,True,True,True,
1533, ceNder, ceNder, ceNder,126,VIT,https://esports.val.qq.com/val/gen/player/ ceNderd583d6625dcd3959fd79d85883056d8d.jpeg,True,True,True,
232,pl1xx,LiChristopher,pl1xx,101,WOL,https://esports.val.qq.com/val/gen/player/pl1xx1dd5654a17ee16b09f3cdf41f87914f6.png,True,True,True,
77,aluba,钟皓钧,aluba,101,WOL,https://esports.val.qq.com/val/gen/player/aluba0224b722c1c48e45e9de998e27c8931c.png,True,True,True,
44,Yuicaw,黃湧傑,Yuicaw,101,WOL,https://esports.val.qq.com/val/gen/player/Yuicaw7e68a49fe7c38ba7682a0963b558ad2f.png,True,True,True,
54,Spring,刘俊霆,Spring,101,WOL,https://esports.val.qq.com/val/gen/player/Spring9e8efbd78d6eec9082c2e9fa45be8ef8.png,True,True,True,
263,SiuFatBB,庞加曦,SiuFatBB,101,WOL,https://esports.val.qq.com/val/gen/player/SiuFatBBe538946543b9cfea1cdae5430f9ecd54.png,True,True,True,
