team_id,sp_name,short_name,full_name,division,division_id,coach,desc,light_logo,dark_logo,players_count,event_ids
122,100T,100T,100 Thieves,,1,,,https://esports.val.qq.com/val/gen/team/100T_black_d46cf53df88bd5e5ae2e04b092d4919a.png,https://esports.val.qq.com/val/gen/team/100T_white_ad32b44a09cde56098705e2e2c8c9942.png,5,1000017;10010
185,101,101,101 Outlaws,,4,,,https://esports.val.qq.com/val/gen/team/101_black_ef55c79c334b091f212509bd99feb3fe.jpeg,https://esports.val.qq.com/val/gen/team/101_white_579786be385b23e49d87caf9c8341b43.jpeg,0,1000037
76,17,,,,4,陆寅,,https://esports.val.qq.com/val/gen/team/17_black_871d8ed2ff2a4b7a8c26a7135a85cb4e.png,https://esports.val.qq.com/val/gen/team/17_white_814c0bb68cb695c12fd28c287bcfdbd2.png,0,1000013
186,1ONE,1ONE,1ONE,,4,,,https://esports.val.qq.com/val/gen/team/1ONE_black_8284fcad400fbcb3990fb197b54a2b40.png,https://esports.val.qq.com/val/gen/team/1ONE_white_6999478b6751efb6095e624943720625.png,0,1000037
181,1Z,1Z,1Z,,4,,,https://esports.val.qq.com/val/gen/team/1Z_black_239a4d88d026cdf2afece742c1b688b5.png,https://esports.val.qq.com/val/gen/team/1Z_white_d6d6b6eca3a70c827ab7848d5eff0358.png,0,1000037
26,4AM,,,,4,洪昌杓,,https://esports.val.qq.com/val/gen/team/4AM_black_ed97d45e9c58a23d0550d5195966acb3.png,https://esports.val.qq.com/val/gen/team/4AM_white_f152d094054b5ce8773f26c66e90742a.png,0,1000013
40,AG,AG,ALL GAMERS,,4,,AG电子竞技俱乐部（All Gamers，简称AG）作为一个有着FPS强队底蕴的俱乐部，以“赤心所向，势在荣光”为口号，组建无畏契约分部。2024年，在正式成为VCT CN联赛长期合作伙伴后，AG集结了崭新的成员，在联赛舞台开启新的奋斗与角逐，用持续进化展现属于红色烈火的锋芒。,https://esports.val.qq.com/val/gen/team/AG_black_6fe5d74193015ecb65b7a1bed87abc4b.png,https://esports.val.qq.com/val/gen/team/AG_white_efc46884ce87999f1f2451196d3c505a.png,5,1000018;1000014;1000016;1000034;1000031;1000038;1000044;1000035;1000041;1000055;1000060;1000065;1000058;1000068;10010
136,ALG,ALG,Ambitious Legend Gaming,,4,,,https://esports.val.qq.com/val/gen/team/ALG_black_9becd7955b18e09dff6bde3b67c65ceb.png,https://esports.val.qq.com/val/gen/team/ALG_white_65ddfed7b6997e144f4cae1458bb0bc0.png,0,1000025;1000037
132,ALG,ALG,Ambitious Legend Gaming,,4,"朱旻啸,陈建安",,https://esports.val.qq.com/val/gen/team/ALG_black_4bef2f95fc3cf861dc659a35c82e6b48.png,https://esports.val.qq.com/val/gen/team/ALG_white_bbc5ddf4914c5a13f100b415110b7f17.png,0,1000021;1000048
178,ANC,ANC,ANC,,4,,,https://esports.val.qq.com/val/gen/team/ANC_black_17423870ca6c689a8c52e30b2898c567.png,https://esports.val.qq.com/val/gen/team/ANC_white_9ebfee12a4edaa3b44e42c44d11eabd1.png,0,1000037
195,AQ,AQ,AnyQuestions,,4,"黃進杰,何健林",,https://esports.val.qq.com/val/gen/team/AQ_black_32562e1c8bb55f492a8e8f7ec927760a.png,https://esports.val.qq.com/val/gen/team/AQ_white_bebcfab93806d652bcea0d12e9f8be78.png,0,1000048;1000050;1000059;1000065
1,ASE,,Attacking Soul,特邀赛区CN,4,Ego,"2020年11月1日成立于北京, 国内第一批无畏契约战队之一, 主要运营FPS项目。
目标是让全世界的游戏玩家看到中国红，中国魂。致力于向世界展示国风电竞的魅力，传播中国文化，为中国电竞事业出一份力。目前获得的荣誉有：2022 FGC VALORANT Invitational: Act 3 第四名、2023 FGC VALORANT Invitational: Act 1 冠军。",https://esports.val.qq.com/val/ASE.png,https://esports.val.qq.com/val/ASE.png,6,1;1000013
208,AT,AT,A TEAM,,4,,,https://esports.val.qq.com/val/gen/team/AT_black_4086d0c583c108add6f561363a15f3fb.png,https://esports.val.qq.com/val/gen/team/AT_white_8d9565fcdbd0c627131f73fc3168efd5.png,7,1000068
113,BBL,,,,3,,,https://esports.val.qq.com/val/gen/team/BBL_black_50b69e91016dd4a9e3053dc4e6b49b3b.png,https://esports.val.qq.com/val/gen/team/BBL_white_d6e2079ac3e455d8bc7daf84df3a65e1.png,0,1000012
220,BBL,BBL,BBL Esports,,3,,,https://esports.val.qq.com/val/gen/team/BBL_black_80b2c913e1325c3a3476f2056549a530.png,https://esports.val.qq.com/val/gen/team/BBL_white_25d4f454f5937ac7c0469f80e004730a.png,0,1000058;10010
21,BLG,BLG,Bilibili Gaming,,4,,"BLG电子竞技俱乐部（Bilibili Gaming，简称BLG）成立于2017年12月18日，其无畏契约分部于2023年2月1日成立。贯彻着""Cheers for the faith! 为信念干杯！""的Slogan，BLG无畏契约分部不断进步，多元发展，在建队初年就斩获2023无畏契约全球冠军赛CN赛区资格赛亚军。同年8月，BLG初登国际舞台就实现突破，获得无畏契约洛杉矶全球冠军赛八强。",https://esports.val.qq.com/val/gen/team/BLG_black_246f7c4c7ecdf1e94b7856e74e48c7fd.png,https://esports.val.qq.com/val/gen/team/BLG_white_ee0c85af1427e67bb8535ecb30df3715.png,6,1000018;1000014;1000016;1000005;1000020;1000034;1000026;1000031;1000038;1000040;1000044;1000035;1000041;1000045;1000053;1000055;1000059;1000060;1000065;1000068
69,CCG,CCG,Chosen Clique Gaming,,4,卢哲,,https://esports.val.qq.com/val/gen/team/CCG_black_28fb060bace8e086463b5c6ba8bdb946.png,https://esports.val.qq.com/val/gen/team/CCG_white_d4d1a142138614b0bccbad2cbfe6c01e.png,0,1000021;1000048
140,DCG,DC,Dream Chaser,,4,,,https://esports.val.qq.com/val/gen/team/DCG_black_142a451c60f4cf80f36d154109a9bfdc.png,https://esports.val.qq.com/val/gen/team/DCG_white_2d7987eb2bffc68e2fb70474a5ea4f09.jpeg,0,1000037
106,DFM,DFM,DetonatioN FocusMe,,0,,,https://esports.val.qq.com/val/gen/team/DFM_black_fb864c0d8d5b67f04dc868d286cb42cc.png,https://esports.val.qq.com/val/gen/team/DFM_white_2de701684a6fe983b90c509348591daf.png,6,1000026
1000072,DMY,,DMY,,0,,,https://esports.val.qq.com/val/gen/team/b118a777a6ebd954d9ac72c3a3be0e8d87b1943000091f945f67950c66bdda3f,https://esports.val.qq.com/val/gen/team/b118a777a6ebd954d9ac72c3a3be0e8d87b1943000091f945f67950c66bdda3f,0,10011
25,DRG,,,,4,黄镖洪,,https://esports.val.qq.com/val/gen/team/DRG_black_79e533520d57c8eb34197d546cd48ab2.png,https://esports.val.qq.com/val/gen/team/DRG_white_efdb6813504ee654d2347b29d39ab048.png,0,1000013;1000018;1000014;1000017;1000016;1000034;1000031;1000038;1000044;1000035;1000048;1000041;1000045;1000055;1000059;1000060;1000065;1000066;1000068
59,DRX,,DRX,太平洋国际联赛,2,termi,来自太平洋国际联赛的DRX电子竞技俱乐部，旗下拥有无畏契约和英雄联盟两个分部，其英雄联盟分部为人所熟知，曾在英雄联盟全球总决赛中夺得冠军。而DRX的无畏契约分部于2022年1月成立，队伍名单由前Vision Strikers的队员组成。DRX的打法稳健，擅长运营控制地图，经常将对手玩弄于股掌之中。在同年的全球冠军赛中，DRX击败了100T、FNC与FPX欧洲分部等众多强队，夺得第三名。今年3月的无畏契约巴西季前邀请赛上，DRX一路过关斩将，战胜了大魔王yay加持下的C9挺入四强，并在之后的太平洋国际联赛中手刃TS和T1，成功闯进东京大师赛。,https://esports.val.qq.com/val/DRX.png,https://esports.val.qq.com/val/DRX.png,6,1;1000005;1000020;1000026;1000033;1000045
183,DST,DST,DST,,4,,,https://esports.val.qq.com/val/gen/team/DST_black_1d396c95674ec2acb44ed06671648be1.png,https://esports.val.qq.com/val/gen/team/DST_white_e8e99dc3c920f1024f1bc664ee86c3a3.png,0,1000037
5,EDG,,EDward Gaming,特邀赛区CN,4,AfteR,"EDG无畏契约分部隶属于EDG电子竞技俱乐部，于2020年4月在中国上海成立，是目前中国无畏契约项目中最顶尖的分部之一。
作为国内第一批正式成立并投入运营的无畏契约项目队伍，从建成至今，曾三次在国内FGC系列邀请赛上夺得冠军荣誉，同时也曾作为首支代表中国的队伍出征2022无畏契约伊斯坦布尔全球冠军赛、2023无畏契约季前邀请赛等国际性赛事。相信在未来这支朝气蓬勃的年轻队伍，也将继续秉承EDG一贯的骑士精神，在赛场上锐意进取，奋发向前！
",https://esports.val.qq.com/val/EDG.png,https://esports.val.qq.com/val/EDG.png,6,1;1000018;1000014;1000017;1000015;1000016;1000005;1000020;1000034;1000026;1000033;1000031;1000038;1000044;1000035;1000041;1000045;1000050;1000055;1000060;1000065;1000058;1000066;1000068;10010
94,EDGS,,,,4,,,https://esports.val.qq.com/val/gen/team/EDGS_black_573c0c2808f29bf52ae7aecfdd5cab74.png,https://esports.val.qq.com/val/gen/team/EDGS_white_91286c1952df50fba46fdfbac2e55ea6.png,0,1000012
56,EG,,Evil Geniuses,美洲国际联赛,1,Potter,来自美洲国际联赛的Evil Geniuses电子竞技俱乐部，最早建立于1999年，旗下拥有无畏契约、英雄联盟和其他FPS等众多游戏分部，其英雄联盟分部曾在2022 LCS春季赛中夺得冠军。Evil Geniuses的无畏契约分部于2021年1月成立，Evil Geniuses在许多国际比赛都展现出了不俗的实力，最近的美洲国际联赛中Evil Geniuses先后战胜SEN、NRG、C9等一众对手，成功挺进东京大师赛。,https://esports.val.qq.com/val/EG.png,https://esports.val.qq.com/val/EG_dark.png,7,1;1000012;1000005
150,FLC,FLC,Team Falcons Vega,,1,,,https://esports.val.qq.com/val/gen/team/FLC_black_ffd48c7ff440bbe20f104a1af3a722e7.png,https://esports.val.qq.com/val/gen/team/FLC_white_58339f89ab3ec19f6ea919882a126460.png,0,1000025
152,FLY,FLY,FlyQuest RED,,1,,,https://esports.val.qq.com/val/gen/team/FLY_black_8be5beaa86ecc68a0ac0c3eb36900b03.png,https://esports.val.qq.com/val/gen/team/FLY_white_3204d9ee2c41e6d33b9b11ea0d0cb3ba.png,0,1000025
51,FNC,,Fnatic,欧非中东联赛,3,Mini,来自EMEA国际联赛的Fnatic电子竞技俱乐部，最早建立于2004年，旗下英雄联盟分部与其他FPS分部均在领域内享有无数荣誉。其无畏契约分部于2021年2月成立，在同年的2021雷克雅未克大师赛上就取得了第二名的好成绩，如今在Boaster和Derke两位建队元老的带领下，Fnatic在今年3月的无畏契约巴西季前邀请赛中力克群雄，一显欧洲霸主之姿，成功登顶。除开在电子竞技领域上的硕果累累，Fnatic的队内选手——团队大脑Boaster还靠着一口流利的中文歌曲，在国内的社交平台上收获了众多粉丝。,https://esports.val.qq.com/val/FNC.png,https://esports.val.qq.com/val/FNC.png,6,1;1000017;1000005;1000020;1000040;1000045
11,FPX,FPX,FunPlus Phoenix,,4,,FPX电子竞技俱乐部（FunPlus Phoenix，简称FPX）诞生于2017年，作为一个国际化的电竞品牌，FPX在多个项目不断斩获佳绩，其海外分部曾获哥本哈根大师赛冠军。2023年1月，FPX无畏契约分部投入国内运营，先后参加了无畏契约季前邀请赛、洛杉矶全球冠军赛、马德里大师赛等多项赛事。凤卷硝云，锵锵和鸣，FPX满怀“信念Faith”，饱含“热情Passion”，去创造“无限可能Xpossibility”，希望在CN联赛书写新的篇章。,https://esports.val.qq.com/val/gen/team/FPX_black_eb4c56d6ff7ff848049e61f7563735ae.png,https://esports.val.qq.com/val/gen/team/FPX_white_7c939c9178f6ef9fef45c2749b73ccac.png,5,1000018;1000014;1000017;1000015;1000016;1000005;1000020;1000034;1000031;1000038;1000044;1000035;1000041;1000050;1000053;1000055;1000059;1000060;1000065;1000068
235,FS,FS,FULL SENSE,,2,,,https://esports.val.qq.com/val/gen/team/FS_black_b71508bdaa52152c149f730148aa92d4.png,https://esports.val.qq.com/val/gen/team/FS_white_4795cc01a7adb66041006f4c7042b460.png,0,1000066
222,FUR,FUR,FURIA,,1,,,https://esports.val.qq.com/val/gen/team/FUR_black_6acd375cac42641c96714f74815ad9d8.png,https://esports.val.qq.com/val/gen/team/FUR_white_38b69154ff2f7627950eada39a0e96cd.png,0,1000058
53,FUT,,FUT Esports,欧非中东联赛,3,GAIS,来自EMEA国际联赛的FUT Esports电子竞技俱乐部，最早建立于2017年。旗下无畏契约分部于2020年成立之初，就参加了拳头举办的首次无畏契约电竞赛事，并取得了当时土耳其地区第二名的好成绩。此后的FUT Esports虽然在2021土耳其挑战者赛上夺得冠军，但却屡次与国际大赛擦肩。如今异军突起的FUT Esports在EMEA国际联赛季后赛中表现十分亮眼，成功踏上了东京大师赛的舞台，正期待着用一场酣畅淋漓的胜利证明自己。,https://esports.val.qq.com/val/FUT.png,https://esports.val.qq.com/val/FUT_dark.png,6,1;1000017;1000005;1000020;1000066
114,G2,,,,3,,,https://esports.val.qq.com/val/teams/G2/G2%20Gozen%20Monochrome%20Dark%20BG.png,https://esports.val.qq.com/val/gen/team/G2_white_11cd1d1e336b8d5ff3e600ff4cca5ed1.png,0,1000012;1000025;1000051
123,G2,G2,G2 Esports,,1,,,https://esports.val.qq.com/val/gen/team/G2_black_09f7e29a332580968a980751e94324b1.png,https://esports.val.qq.com/val/gen/team/G2_white_5163f8c0563e5cc94213c0adc3c9c773.png,5,1000017;1000020;1000033;1000040;1000045;1000053;1000058;1000066;10010
236,GE,GE,Global Esports,,2,,,https://esports.val.qq.com/val/gen/team/GE_black_845cf1663772b85d69bda70c919f0e71.png,https://esports.val.qq.com/val/gen/team/GE_white_79eb40004aadff14fffbd0cb0f9ff1a2.png,0,1000066;10010
120,GEN,GEN,GEN.G,,2,,,https://esports.val.qq.com/val/gen/team/GEN_black_1ba86721692b78bdf96aa3363f099010.png,https://esports.val.qq.com/val/gen/team/GEN_white_fc3fa9798d2b02a1dd6b6232a508d94d.png,5,1000017;1000015;1000020;1000026;1000040;1000053
66,GIA,,,,3,Daniil Meshcheryakov,,https://esports.val.qq.com/val/gen/team/GIA_black_bf9025a414de1a5b0f443ba92307654d.png,https://esports.val.qq.com/val/gen/team/GIA_white_e8149ff5d458f89cc30240d2fc6b2517.png,0,1000005
151,GX,GX,GIANTX GC,,3,,,https://esports.val.qq.com/val/gen/team/GX_black_9979c594f959645fc1bae0e10d271105.png,https://esports.val.qq.com/val/gen/team/GX_white_466abf2006b19480e8cd059b01d8d57e.png,0,1000025;1000051
194,GX,GX,GIANTX,,3,,,https://esports.val.qq.com/val/gen/team/GX_black_07663a9391ea11821dd724e94246858d.png,https://esports.val.qq.com/val/gen/team/GX_white_d8fa41d38213e856e4c3a8326f63b4f0.png,0,1000045
1000076,HS,,虎视NewBoy,,0,,,https://esports.val.qq.com/val/gen/team/c85ba8982ea61752404d423c3d027cafcd24939e95b8d7eae7c9e1ead53e9c08,https://esports.val.qq.com/val/gen/team/c85ba8982ea61752404d423c3d027cafcd24939e95b8d7eae7c9e1ead53e9c08,0,10011
1000080,HVG,,Hi Vegetbale Gaming,,0,,,https://esports.val.qq.com/val/gen/team/c59938618353dd97339a8d4d1afaae3eb40b1a2a370fc12de7c631eece2112fa,https://esports.val.qq.com/val/gen/team/c59938618353dd97339a8d4d1afaae3eb40b1a2a370fc12de7c631eece2112fa,0,10011
176,HYG,HYG,Havoc Yonder GC,,4,,,https://esports.val.qq.com/val/gen/team/HYG_black_c4c3052472756c6a8d82f87b04d36cd7.jpeg,https://esports.val.qq.com/val/gen/team/HYG_white_b9a64def5c162d6b6d5b17cef733e41c.jpeg,0,1000037
74,JDG,JDG,JD MALL JDG ESPORTS,,4,,JDG电子竞技俱乐部（JDG ESPORTS，简称JDG）由京东集团联合国内电竞教育领先品牌原初集团于2017年联合成立，无畏契约分部于2023年7月组建。无畏命运洪流，无需定义时代，我们“独当一代”，JDG无畏契约分部始终秉持着勇者无畏，愈战愈强的精神去赛场上战斗！“坚定你所相信”即俱乐部箴言良训，也是 JDG 人的行事准则，怀揣信仰的我们就是锋芒利刃。坚定不移，拨云见日。相信希望，我们无畏前行！,https://esports.val.qq.com/val/gen/team/JDG_black_ea2804939ea6f8d0b8f7f9332cb32c8e.png,https://esports.val.qq.com/val/gen/team/JDG_white_9de7e832126c4829377539af4f4a63bd.png,6,1000018;1000014;1000016;1000034;1000031;1000038;1000044;1000035;1000041;1000050;1000055;1000059;1000060;1000065;1000068
1000049,JYG,,JYG,,0,,,https://esports.val.qq.com/val/gen/team/bbc46045d4f05f6c99d5d1bc774bc200f1ad77d9ffdeb2c9cff41a3f29d4dff3,https://esports.val.qq.com/val/gen/team/bbc46045d4f05f6c99d5d1bc774bc200f1ad77d9ffdeb2c9cff41a3f29d4dff3,0,10011
49,KBG,,,,4,刘梦宇,,https://esports.val.qq.com/val/gen/team/KBG_black_0c490c12320072d19b98d6d413702b0e.png,https://esports.val.qq.com/val/gen/team/KBG_white_72f569d7ed55b7237e22b0591297aae2.png,0,1000013;1000021;1000065;1000068
1000029,KBG,,KBG,,0,,,https://esports-1259129723.cos.ap-nanjing.myqcloud.com/val/gen/team/c8eb671fadfaa63466b46d51d3757115ed4731263057eb52c6106f1760ba12b7,https://esports-1259129723.cos.ap-nanjing.myqcloud.com/val/gen/team/c8eb671fadfaa63466b46d51d3757115ed4731263057eb52c6106f1760ba12b7,0,10011
118,KC,,Karmine Corp,,3,,,https://esports.val.qq.com/val/gen/team/KC_black_acd8f35f8445218dfb8c2883a242f3d8.png,https://esports.val.qq.com/val/gen/team/KC_white_faa3aff564f0089eb1ae1f5ff080968d.png,5,1000015;10010
200,KC GC,KC GC,Karmine Corp GC,,3,,,https://esports.val.qq.com/val/gen/team/KC%20GC_black_41f0378fc1a0ad10ddb78b53f3c22db2.png,https://esports.val.qq.com/val/gen/team/KC%20GC_white_4af0dc85786c0181a7890e87019182b7.png,0,1000051
116,KRÜ,,,,1,,,https://esports.val.qq.com/val/gen/team/KR%C3%9C_black_67c3afd0de8e0517bd02a519f2fb889a.png,https://esports.val.qq.com/val/gen/team/KR%C3%9C_white_c227e14ea48f26e96b604abd9ac16e98.png,0,1000012;1000025;1000051
65,KRÜ,,,,1,Jorge Luis Siero Noriega,,https://esports.val.qq.com/val/gen/team/KRU_white_2991bcca59297a3e20311bf6d0a0106d.png,https://esports.val.qq.com/val/gen/team/KRU_white_2991bcca59297a3e20311bf6d0a0106d.png,0,1000005;1000020
121,LEV,LEV,Leviatán,,1,,,https://esports.val.qq.com/val/gen/team/LEV_black_ad5b302657c6c8fdaa6346801fb4cdbc.png,https://esports.val.qq.com/val/gen/team/LEV_white_edf713fcf2365c2252c48239449ebff4.png,5,1000017;1000020;1000066
55,LOUD,,LOUD,美洲国际联赛,1,Frod,来自美洲国际联赛的LOUD电子竞技俱乐部建立于2019年，是巴西社交媒体上关注人数最多的电竞俱乐部，也是世界上社交媒体粉丝数第二多的电竞俱乐部。LOUD旗下拥有无畏契约、英雄联盟和其他FPS游戏等众多分部，其无畏契约分部于2022年1月成立，同年LOUD在2022全球冠军赛上以大比分3:1战胜OPTC，一举夺得冠军。如今LOUD的阵容，在保持了aspas、Less、Saadhak三位冠军元老基础上，新加入了cauanzin和tuyz两位实力猛将，组合成新旧搭配的完美阵容，他们在今年3月举行的LOCK//IN中展现了不俗的实力，惜败FNC获得亚军。LOUD同时也凭借其犀利激进的打法风格收获了一众粉丝。,https://esports.val.qq.com/val/LOUD.png,https://esports.val.qq.com/val/LOUD.png,6,1;1000015;1000005
221,M8,M8,Gentle Mates,,3,,,https://esports.val.qq.com/val/gen/team/M8_black_102c2943c36dc2a41fe1c30221a963bc.png,https://esports.val.qq.com/val/gen/team/M8_white_0721fd720f47b38f319a7288e4e4ae80.png,0,1000058;10010
154,MIBR,MIBR,MIBR GC,,1,,,https://esports.val.qq.com/val/gen/team/MIBR_black_6ec837e8afa09f778f73f96e89904f8f.png,https://esports.val.qq.com/val/gen/team/MIBR_white_f625c2d45f39d8f5f61a743a50b693e2.png,0,1000025;1000051
188,MIBR,MIBR,Made in Brazil,,1,,,https://esports.val.qq.com/val/gen/team/MIBR_black_74cd3956a13a35b1bf58b2bdbfe58115.png,https://esports.val.qq.com/val/gen/team/MIBR_white_8d63dba0a98b74ff7d783333cf81f95c.png,0,1000040;1000045;10010
54,NAVI,,Natus Vincere,欧非中东联赛,3,d00mbr0s,来自EMEA国际联赛的Natus Vincere电子竞技俱乐部建立于2009年，旗下其他FPS游戏分部在国际领域上享有众多粉丝，其无畏契约分部于2021年6月成立。Natus Vincere在22年重组阵容之后，以欧洲FPX冠军阵容为班底，再加上2021全球冠军赛冠军成员cNed，组成了一支全新阵容。这支初组的银河战舰早在今年3月的无畏契约巴西季前邀请赛中就表现十分强劲，力压TS和LEV等一众对手轻松晋级四强，尽显王者之姿。虽然在后续的EMEA国际联赛上表现不佳，但如今来到东京大师赛，NAVI整装待发正迫切的想向世界证明自己。,https://esports.val.qq.com/val/NAVI.png,https://esports.val.qq.com/val/NAVI.png,6,1;1000005
64,NIP,,,,4,莊協樺,,https://esports.val.qq.com/val/gen/team/NIP_black_e875ec37deba61a908757fab3f91e176.png,https://esports.val.qq.com/val/gen/team/NIP_white_72719ca3fe66b0696e6cf2972d8c0ad7.png,0,1000013
30,NOVA,NOVA,NOVA ESPORTS,,4,"邵宇博,韩其兵",NOVA电子竞技俱乐部（NOVA ESPORTS，简称NOVA）成立于2016年5月20日，是一家极具影响力的国际化运营的电竞俱乐部。NOVA无畏契约分部筹建于2023年2月，以“不负时光 乘风破浪”为slogan。在无畏契约电竞的全新赛道，NOVA邀遍英才，现役成员拥有丰富的赛事履历，力争上游，寄望成就“紫金皇朝”新的辉煌。,https://esports.val.qq.com/val/gen/team/NOVA_black_6c7e219a9e10566f997203d5032c9d13.png,https://esports.val.qq.com/val/gen/team/NOVA_white_e3afb5541b9cccfd51db80ffec3ec660.png,6,1000018;1000014;1000016;1000034;1000031;1000038;1000044;1000035;1000041;1000050;1000053;1000055;1000059;1000060;1000065;1000068
96,NOVA,NOVA,NOVA,,4,,,https://esports.val.qq.com/val/gen/team/NOVA_black_4d00acde438afeefacd28fe3f8055670.png,https://esports.val.qq.com/val/gen/team/NOVA_white_81c280f17ed326e2f2a90aa1772f0eff.png,0,1000037;1000051
57,NRG,,NRG,美洲国际联赛,1,Chet,来自美洲国际联赛的NRG电子竞技俱乐部，最早建立于2015年，旗下无畏契约分部于2020年5月成立。尽管NRG在其他游戏领域中一直是北美的顶级俱乐部之一，但它却从未在无畏契约中取得过值得称道的成绩。2023年在获得了美洲国际联赛的席位之后，NRG决定放弃之前的阵容，保留s0m这位老将，引进2022雷克雅未克大师赛冠军三人组，以及2022哥本哈根大师赛冠军Ardiis。如今的NRG继承了OPTC凶狠的一面，在刚结束的美洲国际联赛中连斩FUR、C9还有EG等众多强队，从败者组一路杀出，作为一个冠军的有力竞争者闯入东京大师赛。,https://esports.val.qq.com/val/NRG.png,https://esports.val.qq.com/val/NRG_dark.png,6,1;1000005;1000045;1000058;1000066;10010
223,NS,NS,NS RedForce,,2,,,https://esports.val.qq.com/val/gen/team/NS_black_180745ba044915c44e7e0b672d369bb1.png,https://esports.val.qq.com/val/gen/team/NS_white_7a790cef0066b9673703d173a146dce4.png,0,1000058;10010
202,NTZ,NTZ,Ninetails,,2,,,https://esports.val.qq.com/val/gen/team/NTZ_black_40c7ff9e069613ece34dcbce89b2d648.png,https://esports.val.qq.com/val/gen/team/NTZ_white_fd98502120649af479a4aa5263c29399.png,0,1000051
4,NWG,,,,4,杨英杰,,https://esports.val.qq.com/val/gen/team/NWG_black_fd7ad72e04b46160c884cb0dbbabf82c.png,https://esports.val.qq.com/val/gen/team/NWG_white_c0058d123313d4568b2d3dd415193dd7.png,0,1000013
47,ODG,ODG,octagonal disposition gaming,,4,刘致维,,https://esports.val.qq.com/val/gen/team/ODG_black_b2d6a7d411c1f1614361536aa675222f.png,https://esports.val.qq.com/val/gen/team/ODG_white_72213aee006ad8b0c74a7a8b033b96b5.png,0,1000048
58,PRX,,Paper Rex,太平洋国际联赛,2,alecks,来自太平洋国际联赛的Paper Rex电子竞技俱乐部，旗下无畏契约分部于2020年7月成立。作为国际大赛的常客，Paper Rex曾在2022雷克雅未克大师赛里一路挺进四强，在2022哥本哈根大师赛上2:3惜败FPX斩获亚军。队内Jinggg、f0rsakeN等知名选手，更是凭借其超群实力，在世界范围内都收获了一众粉丝。这支队伍用刚猛的枪法给世界留下了深刻的印象，经常会依靠选手的个人实力强行撕开对方的阵型，拿到优势后快速将优势扩大，赢得比赛。在刚结束的太平洋国际联赛中，Paper Rex更是完成了VCT历史上的第二次让2追3，成功战胜DRX夺得冠军。,https://esports.val.qq.com/val/PRX.png,https://esports.val.qq.com/val/PRX_dark.png,7,1;1000017;1000015;1000005;1000020;1000026;1000040;1000045;1000053;1000058;1000066;10010
50,Q9,Q9,Q9 Club,,4,"韩天奇,刘哲宁",,https://esports.val.qq.com/val/gen/team/Q9_black_89dea6298bb4bc93cdfffb51559c7e94.png,https://esports.val.qq.com/val/gen/team/Q9_white_3404ccda8f83518ffd65c02609f8bc02.png,0,1000021
23,RA,,,,4,马玄盛,,https://esports.val.qq.com/val/gen/team/RA_black_d04a4141442274eae48d9bb9731d2270.png,https://esports.val.qq.com/val/gen/team/RA_white_a04b6a05b0d1b1e16e95ce26ca3b9a4c.png,0,1000013;1000021;1000048;1000059
180,RG,RG,RG,,4,,,https://esports.val.qq.com/val/gen/team/RG_black_16fe8125ca239f121228839073b5f65d.png,https://esports.val.qq.com/val/gen/team/RG_white_90b2bbd045b2352dbc5b4ac52ca24123.png,0,1000037
155,RRQ,RRQ,Rex Regum Qeon,,2,,,https://esports.val.qq.com/val/gen/team/RRQ_black_2632450acf652a4f5070118ffb893312.png,https://esports.val.qq.com/val/gen/team/RRQ_white_f50ace3f2bd6204af0aaa900d48669a6.png,5,1000026;1000040;1000045;10010
117,SEN,,SENTINELS,,1,,,https://esports.val.qq.com/val/gen/team/SEN_black_d6540fc7f017f75b3dcde316df8de946.png,https://esports.val.qq.com/val/gen/team/SEN_white_01106add317cf3c4beec08382cd082a5.png,5,1000015;1000020;1000033;1000040;1000045
111,SMG,,,,2,,,https://esports.val.qq.com/val/gen/team/SMG_black_3b7fbd5efd734e89fe715cdbd2565383.png,https://esports.val.qq.com/val/gen/team/SMG_white_936c1d4a7e23ef317a3ee3cf812329ee.png,0,1000012
115,SR,,,,3,,,https://esports.val.qq.com/val/teams/SR/rebellion-logo-mark-green.png,https://esports.val.qq.com/val/teams/SR/rebellion-logo-mark-green.png,0,1000012;1000025
201,SRG,SRG,Shopify Rebellion Gold,,1,,,https://esports.val.qq.com/val/gen/team/SRG_black_8538a82fbbd0eaa4769b40e2ac591d7a.png,https://esports.val.qq.com/val/gen/team/SRG_white_a5f7e076a967220da57acf37cb975cfa.png,0,1000051
60,T1,,T1,太平洋国际联赛,2,AUTUMN,来自太平洋国际联赛的T1电子竞技俱乐部最早建立于2002年，旗下拥有无畏契约、英雄联盟、和其他MOBA游戏等众多游戏分部。作为电竞领域的常青树，T1在英雄联盟领域获得了无数荣誉，孕育出了Faker等传奇选手。旗下无畏契约分部于2020年3月成立，经过几次阵容更替，如今的T1在xeta、Sayaplayer、Carpe三人的带领下，成功击败了ZETA和GEN等劲敌，从太平洋国际联赛中脱颖而出，正信心满载的奔赴此次东京大师赛。,https://esports.val.qq.com/val/T1.png,https://esports.val.qq.com/val/T1.png,6,1;1000017;1000005;1000033;1000045;1000058
37,TE,TE,Trace Esports,,4,,TE溯电子竞技俱乐部（Trace Esports，简称TE）成立于2021年。2023年6月，TE溯无畏契约分部正式组建，并且在2023无畏契约全球冠军赛CN赛区资格赛、无畏契约CN赛区进化者系列公开赛中展现出不俗的实力。在VCT CN联赛的激烈角逐中，以不惧困难，逆流而上为战队核心，继续劈风斩浪，迎风而行。,https://esports.val.qq.com/val/gen/team/TE_black_d36f29f339b4ce1c1f83659bdf073be6.png,https://esports.val.qq.com/val/gen/team/TE_white_ea4964f0e5d92fa78afd5b29cee5e88e.png,5,1000018;1000014;1000016;1000020;1000034;1000026;1000033;1000031;1000038;1000044;1000035;1000041;1000050;1000055;1000059;1000060;1000065;1000068
48,TEC,TEC,TITAN ESPORTS CLUB,,4,,TEC体坛电子竞技俱乐部（Titan Esports Club，简称TEC）成立于2021年3月，依托体坛传媒集团的丰富经验，致力于探索传统体育与电竞的深度融合。2023年11月，TEC无畏契约分部正式组建，随后在无畏契约CN赛区进化者系列公开赛崭露头角。正式加入VCT CN联赛后，TEC向着最高的目标前行。,https://esports.val.qq.com/val/gen/team/TEC_black_e850de428d37539277817ea21db262ef.png,https://esports.val.qq.com/val/gen/team/TEC_white_55562d76e8b3bfda2a7ea41527ee4371.png,7,1000018;1000014;1000016;1000034;1000031;1000038;1000044;1000035;1000041;1000050;1000055;1000059;1000060;1000065;1000068
196,TG,TG,Thunder Gaming,,4,刘瀚星,,https://esports.val.qq.com/val/gen/team/TG_black_fa7d284d4e8fe7c874147a8b874e2251.png,https://esports.val.qq.com/val/gen/team/TG_white_cac4734bcc4b6215fb7f5fe119b3d841.png,0,1000048
119,TH,TH,Team Heretics,,3,,,https://esports.val.qq.com/val/gen/team/TH_black_fa1158792cb40a042a8da990e215472b.png,https://esports.val.qq.com/val/gen/team/TH_white_3b58cbbdb92a58ae530580c131e191ae.png,5,1000017;1000015;1000020;1000040;1000045;1000066;10010
52,TL,,Team Liquid,欧非中东联赛,3,eMIL,来自EMEA国际联赛的Team Liquid电子竞技俱乐部，最早建立于2000年，旗下拥有众多游戏分部，在FPS领域深耕已久。其无畏契约分部于2020年8月成立，曾在2021全球冠军赛中战胜C9挺入四强。Team Liquid这支队伍可谓众星云集，队内明星选手nAts和Redgar此前曾获得过2021柏林大师赛冠军以及2021全球冠军赛亚军，实力强劲。十分突出的个人能力和枪法也决定了Team Liquid这支队伍的战术思路非常多变，进攻的节奏异常迅猛。在今年的EMEA国际联赛上，Team Liquid低开高走，力压FNC等众多对手成功夺冠。,https://esports.val.qq.com/val/TL.png,https://esports.val.qq.com/val/TL.png,6,1;1000005;1000033;1000040;1000045;1000058
112,TL,,,,1,,,https://esports.val.qq.com/val/gen/team/TL_black_2c7d266d9fcca534192c30982f903859.png,https://esports.val.qq.com/val/gen/team/TL_white_ecbf176058408e4d9d3c16d6c9218310.png,0,1000012;1000051
127,TLN,TLN,Talon Esports,,2,,,https://esports.val.qq.com/val/gen/team/TLN_black_e75b82cca7a25c41ef6d8a5d8b78e79b.png,https://esports.val.qq.com/val/gen/team/TLN_white_1f1adc78f2ff762f4c48d09eb3716c4d.png,5,1000020
8,TYL,TYL,TYLOO GAMING,,4,,"TYLOO电子竞技俱乐部（TYLOO GAMING，简称TYL）成立于2007年，是深耕FPS领域17年的国际电竞俱乐部。2020年2月无畏契约分部组建，以“角”配合“东方竹”做为品牌元素，象征着对胜利的渴望，""角逐每一座奖杯""是愿景。我们期望与选手们持续成长与进步，把握每一次能展示自己的机会，乘风踏浪，一路向前；不畏战斗，奋勇冲击！",https://esports.val.qq.com/val/gen/team/TYL_black_f3cbf54cf7d07e501adc6b6a012a6354.png,https://esports.val.qq.com/val/gen/team/TYL_white_39bffb50120dbf7cf291ba6b3a6cfc48.png,6,1000018;1000014;1000016;1000034;1000031;1000038;1000044;1000035;1000041;1000055;1000059;1000060;1000065;1000068
138,UNC,UNC,Team Unicorn,,4,,,https://esports.val.qq.com/val/gen/team/UNC_black_ac7b496a9f51a79aafa33782d1d6860b.png,https://esports.val.qq.com/val/gen/team/UNC_white_d9421aeaaef31a01928e7baeaa552e98.png,0,1000037
207,UR,UR,Unsettled Resentment,,4,程希云,,https://esports.val.qq.com/val/gen/team/UR_black_69496d0cc6c0450c583faa3f7cc2c6be.png,https://esports.val.qq.com/val/gen/team/UR_white_c2ffd8924962cdd2b6eca34fafdb283f.png,0,1000065
126,VIT,VIT,Team Vitality,,3,,,https://esports.val.qq.com/val/gen/team/VIT_black_b8b673cbc72c8bfeb2622f44cc3e2794.png,https://esports.val.qq.com/val/gen/team/VIT_white_59491bf555a1ecf79772c8de3c6f63a2.png,5,1000020;1000033;1000066;10010
177,VTG,VTG,VTG,,4,,,https://esports.val.qq.com/val/gen/team/VTG_black_503bbcb1701d9f584ffa7531438a8fa6.png,https://esports.val.qq.com/val/gen/team/VTG_white_81c28a6c165aef4976401a7585991bea.png,0,1000037
182,VVS,VVS,VVS.FE,,4,,,https://esports.val.qq.com/val/gen/team/VVS_black_6f525697a16ce3140f79581ded3c6624.jpeg,https://esports.val.qq.com/val/gen/team/VVS_white_52e70c8ce1ed40aa5640950612b8b4a8.jpeg,0,1000037
10,WBG,WBG,Weibo Gaming,,4,"JIDONGJUN,喻瀚臣",,https://esports.val.qq.com/val/gen/team/WBG_black_5ed3de043524c4aae9830ac84a76e335.png,https://esports.val.qq.com/val/gen/team/WBG_white_1a78c5f026d9b819bd3827fa90b450e0.png,0,1000065
101,WOL,WOL,WOLVES ESPORTS,,4,,狼队电子竞技俱乐部（WOLVES ESPORTS，简称WOL）是一家具有潜力、实力和品牌影响力，结合全球范围内传统体育与新兴体育的头部电竞俱乐部。2023年12月，狼队电竞无畏契约分部成立，集结了顶尖的成员，正式加入VCT CN联赛。相信未来，狼队也会秉持着群狼无畏，竞逐荣光的团队精神，向更好的成绩发起冲击！,https://esports.val.qq.com/val/gen/team/WOL_black_fd9e87e6b2d577bcc66bfa0f9a9d3394.png,https://esports.val.qq.com/val/gen/team/WOL_white_db0e04120d667c75d734e59a35b85d85.png,5,1000018;1000014;1000016;1000034;1000031;1000038;1000040;1000044;1000035;1000041;1000050;1000055;1000059;1000060;1000065;1000068
184,WZH,WZH,WZH,,4,,,https://esports.val.qq.com/val/gen/team/WZH_black_9b6b321582b1ef39a8fd42e9a16d07b3.jpeg,https://esports.val.qq.com/val/gen/team/WZH_white_091c901bb2380f58a66046a22c6f3ca5.jpeg,0,1000037
134,XG,XG,Xtreme Gaming,,4,邓传弋,,https://esports.val.qq.com/val/gen/team/XG_black_ec59336216191132ccefa3739edaf2a7.png,https://esports.val.qq.com/val/gen/team/XG_white_112d50d2d04e3a1f0b9d5855065e1b9e.png,0,1000021
153,XIP,XIP,Xipto Esports,,2,,,https://esports.val.qq.com/val/gen/team/XIP_black_03b287476c8b096682ec5f9c9c2586f8.png,https://esports.val.qq.com/val/gen/team/XIP_white_7f8160c1489f2fafca653c20e0158b47.png,0,1000025;1000051
80,XLG,XLG,X-ray Light Gaming,,4,"莊協樺,EREMINALEKSANDR",,https://esports.val.qq.com/val/gen/team/XLG_black_3bb6b6286d69cb859b0892c8fc877f80.png,https://esports.val.qq.com/val/gen/team/XLG_white_c80d8d6dc2afbe546b7a1ff81dfb1976.png,0,1000021;1000034;1000031;1000038;1000040;1000044;1000035;1000041;1000045;1000055;1000060;1000065;1000058;1000066;1000068
1000027,XLG,,XLG,,0,,,https://esports-1259129723.cos.ap-nanjing.myqcloud.com/val/gen/team/e3bc65718e22c924cebed00a4f886c4a9338806c78a668b676d5a09b5e3339d6,https://esports-1259129723.cos.ap-nanjing.myqcloud.com/val/gen/team/e3bc65718e22c924cebed00a4f886c4a9338806c78a668b676d5a09b5e3339d6,0,10010
187,XT,XT,XT,,4,,,https://esports.val.qq.com/val/gen/team/XT_black_369d10edc98e02bffbf77b9a1718a2c4.png,https://esports.val.qq.com/val/gen/team/XT_white_6eccaad854d0a8c0100b0303df059e83.png,0,1000037
179,YK,YK,YYYKK,,4,,,https://esports.val.qq.com/val/gen/team/YK_black_71127e068346ddba8af6d9882f290c43.png,https://esports.val.qq.com/val/gen/team/YK_white_9ff369be0ae31de2d25f898c52557c05.png,0,1000037
129,ZCG,ZCG,Zhu Chao Gaming,,4,"陆寅,KANGDONGHUN",,https://esports.val.qq.com/val/gen/team/ZCG_black_083b6383e0a15adb07c267a74e0ee85b.png,https://esports.val.qq.com/val/gen/team/ZCG_white_e9ebb2c37a6fb7bfbcd41e53788e52c7.png,0,1000048
67,ZETA,,,,2,Yuya Sawada,,https://esports.val.qq.com/val/gen/team/ZETA_black_3eea43756c9852a1c4239c0a9434edab.png,https://esports.val.qq.com/val/gen/team/ZETA_white_3493f1a2a1740230f3168f50e00a112e.png,0,1000005
105,ZETA,ZETA,ZETA DIVISION GC,,0,,,https://esports.val.qq.com/val/gen/team/ZETA_black_bb9152131a0a7610a7371a78f52ec4f1.png,https://esports.val.qq.com/val/gen/team/ZETA_white_0e63d2316eead3bd86e058db35250d18.png,0,1000025
128,ZYG,ZYG,ZY GAMING,,4,GOLDAEV MINGIIAN,,https://esports.val.qq.com/val/gen/team/ZYG_black_eff71e20e0bed666c5f54dfab15558de.png,https://esports.val.qq.com/val/gen/team/ZYG_white_717c9cf7571f07cf0be1ad3c8534a4ff.png,0,1000021
1000083,一起瓦赛,,一起瓦赛,,0,,,https://esports.val.qq.com/val/gen/team/2fc4baf26d5dbba60ab44322c5cda08fa36c96921072cd0c2478eabda8f3c5e5,https://esports.val.qq.com/val/gen/team/2fc4baf26d5dbba60ab44322c5cda08fa36c96921072cd0c2478eabda8f3c5e5,0,10011
1000084,与瓦同行,,与瓦同行,,0,,,https://esports.val.qq.com/val/gen/team/2fc4baf26d5dbba60ab44322c5cda08fa36c96921072cd0c2478eabda8f3c5e5,https://esports.val.qq.com/val/gen/team/2fc4baf26d5dbba60ab44322c5cda08fa36c96921072cd0c2478eabda8f3c5e5,0,10011
1000082,云阙采风队,,云阙采风队,,0,,,https://esports.val.qq.com/val/gen/team/2fc4baf26d5dbba60ab44322c5cda08fa36c96921072cd0c2478eabda8f3c5e5,https://esports.val.qq.com/val/gen/team/2fc4baf26d5dbba60ab44322c5cda08fa36c96921072cd0c2478eabda8f3c5e5,0,10011
1000085,别挡我的路,,别挡我的路,,0,,,https://esports.val.qq.com/val/gen/team/2fc4baf26d5dbba60ab44322c5cda08fa36c96921072cd0c2478eabda8f3c5e5,https://esports.val.qq.com/val/gen/team/2fc4baf26d5dbba60ab44322c5cda08fa36c96921072cd0c2478eabda8f3c5e5,0,10011
1000081,天枢观测团,,天枢观测团,,0,,,https://esports.val.qq.com/val/gen/team/2fc4baf26d5dbba60ab44322c5cda08fa36c96921072cd0c2478eabda8f3c5e5,https://esports.val.qq.com/val/gen/team/2fc4baf26d5dbba60ab44322c5cda08fa36c96921072cd0c2478eabda8f3c5e5,0,10011
1000086,就挡你的路,,就挡你的路,,0,,,https://esports.val.qq.com/val/gen/team/2fc4baf26d5dbba60ab44322c5cda08fa36c96921072cd0c2478eabda8f3c5e5,https://esports.val.qq.com/val/gen/team/2fc4baf26d5dbba60ab44322c5cda08fa36c96921072cd0c2478eabda8f3c5e5,0,10011
