event_id,name_zh,city,start_date,end_date,grade_label,bonus,logo_url
csgo_tt_9306,BetBoom 风暴 第4赛季,南美，线上,2026-08-03,2026-08-16,C级赛事,"$10,000",https://oss.5eplay.com/cloudx/p/sport/csgo/tournament/d5e5ofkconkpudhr3g00.png
csgo_tt_8261,电竞世俱杯 2026,巴黎，法国,2026-08-12,2026-08-23,S级赛事,"$2,000,000",https://oss.5eplay.com/cloudx/p/sport/csgo/tournament/d9t92t4conkpudhr5ang.png
csgo_tt_9323,CCT 2026 欧洲系列赛 第7季封闭预选,欧洲，线上,2026-08-12,2026-08-17,C级赛事,晋级,https://oss.5eplay.com/cloudx/p/sport/csgo/tournament/d9su5ckconkpudhr5am0.png
csgo_tt_9326,Exort Fiesta 系列赛 第1季 封闭预选,欧洲，线上,2026-08-12,2026-08-17,资格赛C级,晋级,https://oss.5eplay.com/cloudx/p/sport/csgo/tournament/d9tseucconkpudhr5aog.png
csgo_tt_9314,NODWIN Clutch 系列赛 第11季 封闭预选,欧洲，线上,2026-08-13,2026-08-20,C级赛事,晋级,https://oss.5eplay.com/cloudx/p/sport/csgo/tournament/d3aacfcconkqbk3bnqo0.png
csgo_tt_9313, CCT 2026 南美挑战者 系列赛 2,南美，线上,2026-08-13,2026-08-17,C级赛事,"$2,500",https://oss.5eplay.com/cloudx/p/sport/csgo/tournament/d1vrbfcconkt3leget7g.png
csgo_tt_9261,ESL 挑战者联赛 第52赛季 欧洲杯 3,欧洲，线上,2026-08-14,2026-08-16,C级赛事,"$7,000",https://oss.5eplay.com/cloudx/p/sport/csgo/tournament/d9287b4conkpudhr54q0.png
csgo_tt_9321,CCT 2026 挑战者 欧洲 第5季,欧洲，线上,2026-08-15,2026-08-23,C级赛事,"$5,000",https://oss.5eplay.com/cloudx/p/sport/csgo/tournament/d8pm71cconkpudhr4uk0.png
csgo_tt_9334,KOKONISTER Satpayev 电竞杯 2026 决赛,萨特帕耶夫，哈萨克斯坦,2026-08-16,2026-08-16,C级赛事,"$4,752",https://oss.5eplay.com/cloudx/p/sport/csgo/tournament/da05mi4conkpudhr5at0.png
csgo_tt_9324,CCT 2026 欧洲系列赛 第7季,欧洲，线上,2026-08-18,2026-08-30,C级赛事,"$25,000",https://oss.5eplay.com/cloudx/p/sport/csgo/tournament/d9su5rkconkpudhr5amg.png
csgo_tt_9325,Exort Fiesta Series 系列赛 第1季,欧洲，线上,2026-08-18,2026-08-30,C级赛事,"$20,000",https://oss.5eplay.com/cloudx/p/sport/csgo/tournament/d9tseucconkpudhr5aog.png
csgo_tt_9262,ESL 挑战者联赛 第52赛季 欧洲杯 4,欧洲，线上,2026-08-18,2026-08-21,C级赛事,"$7,000",https://oss.5eplay.com/sport/csgo/event/8039.png
csgo_tt_9320, CCT 2026 竞争者欧洲系列赛 第8季,欧洲，线上,2026-08-20,2026-08-23,C级赛事,"$2,500",https://oss.5eplay.com/cloudx/p/sport/csgo/tournament/d8vbip4conkpudhr53v0.png
csgo_tt_9316,UKIC 游戏联赛 秋季 2026 ,英国，谢菲尔德,2026-08-20,2026-08-25,C级赛事,晋级,https://oss.5eplay.com/cloudx/p/sport/csgo/tournament/d2huvokconkt3legf150.png
csgo_tt_9315,NODWIN Clutch 系列赛 第11季,欧洲，线上,2026-08-21,2026-09-03,C级赛事,"$50,000",https://oss.5eplay.com/cloudx/p/sport/csgo/tournament/d3aacfcconkqbk3bnqo0.png
csgo_tt_9340,CCT 2026 南美系列赛 第五季,南美，线上,2026-08-25,2026-09-06,C级赛事,"$15,000",https://oss.5eplay.com/cloudx/p/sport/csgo/tournament/d97qkbsconkpudhr559g.png
csgo_tt_8249,BLAST 波尔图公开赛,"丹麦,哥本哈根及葡萄牙,波尔图",2026-08-26,2026-09-06,S级赛事,"$1,100,000",https://oss.5eplay.com/cloudx/p/sport/csgo/tournament/d915ijcconkpudhr54d0.png
