team_id,name,world_rank,points,valve_rank,valve_points,region,logo
csgo_tm_11283,Falcons,1,812,2,1971,欧洲,https://oss.5eplay.com/cloudx/p/sport/csgo/team/cm0k2q4conkqks63d37g.png
csgo_tm_7020,Spirit,2,731,1,1997,欧洲,https://oss.5eplay.com/sport/csgo/team/merge_cgchcqhll806h1bg2lt0.png
csgo_tm_8297,FURIA,3,669,4,1897,美洲,https://oss.5eplay.com/sport/csgo/team/cgcl4u1ll806h1bg2n3g.png
csgo_tm_9565,Vitality,4,668,5,1853,欧洲,https://oss.5eplay.com/cloudx/p/sport/csgo/team/merge_ci8mp6n4nfq3cc4ue9k0.png
csgo_tm_4494,MOUZ,5,568,3,1901,欧洲,https://oss.5eplay.com/sport/csgo/team/hz/cec3pf74nfq43340unp0.png
csgo_tm_4608,NAVI,6,493,8,1792,欧洲,https://oss.5eplay.com/cloudx/p/sport/csgo/team/chdgdk74nfqe2nie51g0.png
csgo_tm_6667,FaZe,7,362,11,1753,欧洲,https://oss.5eplay.com/cloudx/p/sport/csgo/team/merge_d818n3cconkpudhr4jmg.png
csgo_tm_11861,Aurora,8,357,13,1674,欧洲,https://oss.5eplay.com/cloudx/p/sport/csgo/team/cgrnhlf4nfqe2nie40o0.png
csgo_tm_9996,9z,9,349,7,1807,美洲,https://oss.5eplay.com/cloudx/p/sport/csgo/team/co12ihcconklgsjvgua0.png
csgo_tm_5995,G2,10,310,10,1754,欧洲,https://oss.5eplay.com/cloudx/p/sport/csgo/team/chae4nf4nfqe2nie4ung.png
csgo_tm_6665,Astralis,11,305,18,1614,欧洲,https://oss.5eplay.com/cloudx/p/sport/csgo/team/ch9oh3n4nfqe2nie4t10.png
hltv_team_12468,Legacy,12,278,6,1807,美洲,https://oss.5eplay.com/cloudx/p/sport/csgo/team/ck9evp4conkqks63bksg.png
csgo_tm_6248,Mongolz,13,276,15,1654,亚洲,https://oss.5eplay.com/cloudx/p/sport/csgo/team/cotdagsconklgsjvhg10.png
hltv_team_13286,FUT,14,256,9,1777,欧洲,https://oss.5eplay.com/cloudx/p/sport/csgo/team/d5j35lsconkpudhr3gk0.png
hltv_team_12394,BB,15,243,12,1676,欧洲,https://oss.5eplay.com/cloudx/p/sport/csgo/team/cq37mkkconkotam7vj7g.png
hltv_team_12467,PARIVISION,16,239,14,1658,欧洲,https://oss.5eplay.com/cloudx/p/sport/csgo/team/merge_clr6upsconkqks63ctn0.png
csgo_tm_11241,B8,17,209,16,1628,欧洲,https://oss.5eplay.com/sport/csgo/team/merge_cee3h074nfq433414tf0.png
csgo_tm_4773,paiN,18,175,31,1445,美洲,https://oss.5eplay.com/cloudx/p/sport/csgo/team/merge_chae3jf4nfqe2nie4un0.png
csgo_tm_7532,BIG,19,163,17,1616,欧洲,https://oss.5eplay.com/sport/csgo/team/merge_cgdr7u9ll806h1bg2os0.png
csgo_tm_5973,Liquid,20,154,20,1577,美洲,https://oss.5eplay.com/cloudx/p/sport/csgo/team/d3r1kusconkqbk3bnu2g.png
hltv_team_13592,magic,21,152,23,1561,欧洲,https://oss.5eplay.com/cloudx/p/sport/csgo/team/d6020ukconkpudhr3kig.png
csgo_tm_4914, 3DMAX,22,146,37,1397,欧洲,https://oss.5eplay.com/cloudx/p/sport/csgo/team/cssus2cconkotam81h1g.png
csgo_tm_9215,MIBR,23,140,19,1604,美洲,https://oss.5eplay.com/sport/csgo/team/merge_cgcl8j1ll806h1bg2nn0.png
csgo_tm_4411,NIP,24,128,26,1486,欧洲,https://oss.5eplay.com/cloudx/p/sport/csgo/team/merge_clsl1asconkqks63cvg0.png
csgo_tm_9928,GL,25,125,22,1561,欧洲,https://oss.5eplay.com/cloudx/p/sport/csgo/team/d7ldoasconkpudhr4da0.png
csgo_tm_4863,TYLOO,26,117,24,1509,亚洲,https://oss.5eplay.com/sport/csgo/team/hz/cec3pjf4nfq43340up40.png
hltv_team_12474,Alliance,27,115,21,1576,欧洲,https://oss.5eplay.com/cloudx/p/sport/csgo/team/cpk2dikconklgsjvice0.png
hltv_team_13117,Inner Circle,28,113,25,1502,欧洲,https://oss.5eplay.com/cloudx/p/sport/csgo/team/d7a9u1cconkpudhr3rrg.png
csgo_tm_7175,Heroic,29,103,27,1467,欧洲,https://oss.5eplay.com/sport/csgo/team/cgeh6n9ll806h1bg2osg.png
csgo_tm_11581,HOTU,30,101,28,1458,欧洲,https://oss.5eplay.com/cloudx/p/sport/csgo/team/merge_d7df184conkpudhr3s70.png
hltv_team_13926,DENDELE,31,100,30,1445,美洲,https://oss.5eplay.com/cloudx/p/sport/csgo/team/d9gplikconkpudhr56vg.png
csgo_tm_8474,100 Thieves,32,95,32,1442,欧洲,https://oss.5eplay.com/cloudx/p/sport/csgo/team/merge_d6kfct4conkpudhr3n40.png
csgo_tm_10245,JJH,33,88,34,1423,欧洲,https://oss.5eplay.com/cloudx/p/sport/csgo/team/d00eh74conkt3lege5ag.png
csgo_tm_8840,LVG,34,86,29,1452,亚洲,https://oss.5eplay.com/sport/csgo/team/hz/cec3ssv4nfq43340vfu0.png
hltv_team_12895,K27,35,84,35,1421,欧洲,https://oss.5eplay.com/cloudx/p/sport/csgo/team/cqjedmkconkotam7vsp0.png
csgo_tm_6290,Luminosity,36,81,36,1408,欧洲,https://oss.5eplay.com/sport/csgo/team/hz/cec3qa74nfq43340uuo0.png
hltv_team_13355,Nemesis,37,78,41,1359,欧洲,https://oss.5eplay.com/cloudx/p/sport/csgo/team/d3s4444conkqbk3bnu70.png
csgo_tm_4991,FNC,38,78,39,1387,欧洲,https://oss.5eplay.com/sport/csgo/team/hz/cec3pkn4nfq43340upig.png
hltv_team_13518,Acend,39,76,44,1329,欧洲,https://oss.5eplay.com/cloudx/p/sport/csgo/team/d5k54usconkpudhr3gv0.png
hltv_team_12376,M80,40,75,49,1299,美洲,https://oss.5eplay.com/cloudx/p/sport/csgo/team/d3r1ojsconkqbk3bnu4g.png
csgo_tm_11737,EYE,41,75,33,1428,欧洲,https://oss.5eplay.com/sport/csgo/team/merge_ceihebn4nfq4334151j0.png
hltv_team_12916,Betclic,42,70,43,1336,欧洲,https://oss.5eplay.com/cloudx/p/sport/csgo/team/d0enhisconkt3lege8v0.png
hltv_team_13871,Echo,43,64,45,1320,欧洲,https://oss.5eplay.com/sport/csgo/team/null.png
csgo_tm_11712,Sashi,44,58,42,1346,欧洲,https://oss.5eplay.com/cloudx/p/sport/csgo/team/ciqvmf4conkqks63ac9g.png
csgo_tm_10621,1win,45,57,40,1366,欧洲,https://oss.5eplay.com/sport/csgo/team/merge_cediu774nfq433414t90.png
hltv_team_13679,FOKUS,46,56,47,1316,欧洲,https://oss.5eplay.com/cloudx/p/sport/csgo/team/d6h5jh4conkpudhr3mo0.png
hltv_team_12878,BC.Game,47,55,46,1318,欧洲,https://oss.5eplay.com/cloudx/p/sport/csgo/team/d9kq4kcconkpudhr59sg.png
hltv_team_12257,Wildcard,48,54,50,1295,美洲,https://oss.5eplay.com/cloudx/p/sport/csgo/team/cpsgc7cconklgsjvior0.png
csgo_tm_6673,NRG,49,53,54,1251,美洲,https://oss.5eplay.com/cloudx/p/sport/csgo/team/coe8h0kconklgsjvh5gg.png
hltv_team_13104,Iberian Soul,50,48,52,1273,欧洲,https://oss.5eplay.com/cloudx/p/sport/csgo/team/d2h9j5sconkt3legf13g.png
csgo_tm_10577,SINNERS,51,48,55,1204,欧洲,https://oss.5eplay.com/sport/csgo/team/hz/cec3uq74nfq43340vq30.png
csgo_tm_5378,VP,52,46,38,1387,欧洲,https://oss.5eplay.com/cloudx/p/sport/csgo/team/ct1uoncconkotam81hkg.png
hltv_team_12774,FlyQuest,53,46,53,1271,亚洲,https://oss.5eplay.com/cloudx/p/sport/csgo/team/co31epkconklgsjvh0cg.png
csgo_tm_11609,Genone,54,42,57,1184,欧洲,https://oss.5eplay.com/sport/csgo/team/ceihjin4nfq4334151pg.png
hltv_team_13173,Phantom,55,38,59,1175,欧洲,https://oss.5eplay.com/cloudx/p/sport/csgo/team/merge_d2sede4conkqbk3bnms0.png
csgo_tm_9455,Imperial,56,37,65,1160,美洲,https://oss.5eplay.com/cloudx/p/sport/csgo/team/d2o271cconkqbk3bnl50.png
csgo_tm_10823,Infinite,57,36,51,1287,欧洲,https://oss.5eplay.com/sport/csgo/team/hz/cec3v374nfq43340vrlg.png
hltv_team_13838,EAC,58,36,74,1113,欧洲,https://oss.5eplay.com/cloudx/p/sport/csgo/team/da1rpa4conkpudhr5b60.png
csgo_tm_11837,Fluxo,59,35,62,1169,美洲,https://oss.5eplay.com/cloudx/p/sport/csgo/team/merge_cldh3i4conkqks63cjn0.png
csgo_tm_10278,9INE,60,33,69,1140,欧洲,https://oss.5eplay.com/cloudx/p/sport/csgo/team/merge_chadupv4nfqe2nie4uj0.png
hltv_team_13027,Nuclear TigeRES,61,32,48,1306,欧洲,https://oss.5eplay.com/cloudx/p/sport/csgo/team/cup4jdkconkqmjpn8avg.png
csgo_tm_10567,SAW,62,31,0,737,欧洲,https://oss.5eplay.com/cloudx/p/sport/csgo/team/merge_cldgrokconkqks63cjk0.png
hltv_team_12144,BESTIA,63,29,76,1108,美洲,https://oss.5eplay.com/cloudx/p/sport/csgo/team/merge_da17794conkpudhr5b0g.png
hltv_team_13333,ASTRAL,64,29,83,1054,欧洲,https://oss.5eplay.com/cloudx/p/sport/csgo/team/merge_d86pa4kconkpudhr4qgg.png
csgo_tm_10503,OG,65,27,75,1110,欧洲,https://oss.5eplay.com/cloudx/p/sport/csgo/team/d5j35s4conkpudhr3gkg.png
csgo_tm_9139,Brute,66,26,71,1115,欧洲,https://oss.5eplay.com/cloudx/p/sport/csgo/team/merge_chdapmf4nfqe2nie51a0.png
hltv_team_13159,Prestige,67,24,0,575,欧洲,https://oss.5eplay.com/cloudx/p/sport/csgo/team/d06samsconkt3lege6r0.png
csgo_tm_7969,Nemiga,68,24,63,1168,欧洲,https://oss.5eplay.com/cloudx/p/sport/csgo/team/ch9otcv4nfqe2nie4tc0.png
hltv_team_13908,Butterfly,69,23,64,1164,欧洲,https://oss.5eplay.com/sport/csgo/team/null.png
hltv_team_12959,ShindeN,70,22,91,1019,美洲,https://oss.5eplay.com/sport/csgo/team/12959.png
csgo_tm_11699,Baks,71,22,87,1033,欧洲,https://oss.5eplay.com/cloudx/p/sport/csgo/team/merge_d0t64o4conkt3legee40.png
hltv_team_12967,WW,72,22,58,1181,欧洲,https://oss.5eplay.com/cloudx/p/sport/csgo/team/crplp9cconkotam81170.png
hltv_team_13486,TdU,73,22,77,1107,亚洲,https://oss.5eplay.com/cloudx/p/sport/csgo/team/d4j9drkconkgnll2763g.png
csgo_tm_11251,EF,74,22,84,1049,欧洲,https://oss.5eplay.com/cloudx/p/sport/csgo/team/cla5secconkqks63cgbg.png
hltv_team_13499,Voca,75,21,92,1000,美洲,https://oss.5eplay.com/cloudx/p/sport/csgo/team/merge_d6h5odsconkpudhr3mqg.png
hltv_team_13617,ex-RUBY,76,21,56,1203,欧洲,https://oss.5eplay.com/sport/csgo/team/null.png
hltv_team_13594,CYBERSHOKE Prospects,77,21,72,1115,欧洲,https://oss.5eplay.com/cloudx/p/sport/csgo/team/merge_d7a6pokconkpudhr3rng.png
csgo_tm_8536,Gz,78,20,96,984,亚洲,https://oss.5eplay.com/sport/csgo/team/hz/cec3sh74nfq43340vdsg.png
hltv_team_12889,G2 Ares,79,20,97,982,欧洲,https://oss.5eplay.com/cloudx/p/sport/csgo/team/crrljvkconkotam812vg.png
hltv_team_13479,Omega,80,20,70,1134,欧洲,https://oss.5eplay.com/cloudx/p/sport/csgo/team/merge_d86p7csconkpudhr4qeg.png
hltv_team_13814,INOX Division,81,20,73,1114,欧洲,https://oss.5eplay.com/cloudx/p/sport/csgo/team/d7lcaqcconkpudhr4cug.png
hltv_team_13304,LP,82,20,86,1046,美洲,https://oss.5eplay.com/sport/csgo/team/null.png
hltv_team_13808,Walczaki,83,20,60,1174,欧洲,https://oss.5eplay.com/cloudx/p/sport/csgo/team/merge_d7phaa4conkpudhr4e40.png
hltv_team_13281,Bushido Wildcats,84,19,106,957,欧洲,https://oss.5eplay.com/cloudx/p/sport/csgo/team/d0rt4ikconkt3leged70.png
hltv_team_13375,SportsBetExpert,85,19,115,946,美洲,https://oss.5eplay.com/cloudx/p/sport/csgo/team/d6b6pv4conkpudhr3l9g.png
hltv_team_12380,CYBERSHOKE,86,18,61,1173,欧洲,https://oss.5eplay.com/sport/csgo/team/12380.png
hltv_team_13178,Novaq,87,18,78,1104,欧洲,https://oss.5eplay.com/cloudx/p/sport/csgo/team/cvch4fkconkt3legduig.png
hltv_team_12194,Rune Eaters,88,18,80,1093,欧洲,https://oss.5eplay.com/cloudx/p/sport/csgo/team/merge_cgvkpbf4nfqe2nie468g.png
hltv_team_13054,PCIFIC,89,18,121,917,欧洲,https://oss.5eplay.com/cloudx/p/sport/csgo/team/cv55kjsconkqmjpn8ik0.png
csgo_tm_11641,Metizport,90,18,67,1156,欧洲,https://oss.5eplay.com/cloudx/p/sport/csgo/team/merge_crl43ekconkotam80sdg.png
hltv_team_13181,BASEMENT BOYS,91,18,81,1079,欧洲,https://oss.5eplay.com/cloudx/p/sport/csgo/team/cv5upikconkt3legds1g.png
hltv_team_12536,DEPO,92,17,79,1103,亚洲,https://oss.5eplay.com/cloudx/p/sport/csgo/team/d7r9lqsconkpudhr4e60.png
hltv_team_13214,SPARTA,93,17,0,976,欧洲,https://oss.5eplay.com/cloudx/p/sport/csgo/team/d0qh4n4conkt3leged0g.png
hltv_team_13924,Black Phoenix,94,16,88,1029,欧洲,https://oss.5eplay.com/cloudx/p/sport/csgo/team/da1rjgsconkpudhr5b1g.png
hltv_team_13776,Just Players,95,16,94,993,欧洲,https://oss.5eplay.com/sport/csgo/team/null.png
hltv_team_12554,regain,96,16,165,807,美洲,https://oss.5eplay.com/cloudx/p/sport/csgo/team/merge_cpker54conklgsjvid00.png
csgo_tm_11312,QUAZAR,97,16,90,1024,欧洲,https://oss.5eplay.com/sport/csgo/team/hz/cec3vln4nfq43340vv1g.png
hltv_team_13651,ReThink,98,15,129,897,欧洲,https://oss.5eplay.com/sport/csgo/team/null.png
hltv_team_12510,The Huns,99,15,110,952,亚洲,https://oss.5eplay.com/cloudx/p/sport/csgo/team/merge_cl30rpsconkqks63c75g.png
hltv_team_4246,Enjoy,100,15,131,894,欧洲,https://oss.5eplay.com/sport/csgo/team/4246.png
csgo_tm_6089,TLR,101,14,104,964,欧洲,https://oss.5eplay.com/sport/csgo/team/hz/cec3q674nfq43340utgg.png
hltv_team_13124,Marsborne,102,14,123,913,美洲,https://oss.5eplay.com/cloudx/p/sport/csgo/team/cujam3kconkqmjpn84g0.png
csgo_tm_6033,Keyd,103,14,119,918,美洲,https://oss.5eplay.com/cloudx/p/sport/csgo/team/d1eal1kconkt3legeov0.png
hltv_team_13937,Nordic Partners,104,14,124,912,欧洲,https://oss.5eplay.com/cloudx/p/sport/csgo/team/da1rm24conkpudhr5b20.png
csgo_tm_10333,Sangal,105,14,152,830,欧洲,https://oss.5eplay.com/sport/csgo/team/hz/cec3ui74nfq43340vosg.png
hltv_team_12776,Bounty Hunters,106,14,102,967,美洲,https://oss.5eplay.com/cloudx/p/sport/csgo/team/merge_co9lkskconklgsjvh460.png
csgo_tm_7900,Spirit.A,107,14,174,792,欧洲,https://oss.5eplay.com/sport/csgo/team/merge_ceihkav4nfq4334151rg.png
hltv_team_13756,Alka,108,13,161,813,美洲,https://oss.5eplay.com/cloudx/p/sport/csgo/team/d768f5sconkpudhr3qd0.png
csgo_tm_10371,NAVI Jr.,109,13,136,884,欧洲,https://oss.5eplay.com/sport/csgo/team/hz/cec3uj74nfq43340vp0g.png
hltv_team_12267,UNiTY,110,13,107,955,欧洲,https://oss.5eplay.com/cloudx/p/sport/csgo/team/cjrh38cconkqks63b5a0.png
csgo_tm_7653,Isurus,111,13,120,917,美洲,https://oss.5eplay.com/sport/csgo/team/hz/cec3re74nfq43340v7u0.png
hltv_team_13683,WROTBERRY,112,13,130,895,欧洲,https://oss.5eplay.com/sport/csgo/team/null.png
csgo_tm_11668,Mindfreak,113,13,188,776,亚洲,https://oss.5eplay.com/sport/csgo/team/hz/cec403n4nfq4334101m0.png
csgo_tm_11955,LAG,114,13,162,812,美洲,https://oss.5eplay.com/cloudx/p/sport/csgo/team/merge_clp62lsconkqks63csb0.png
csgo_tm_12009,Permitta,115,13,147,847,欧洲,https://oss.5eplay.com/cloudx/p/sport/csgo/team/merge_cok60esconklgsjvhb20.png
csgo_tm_11248,Saw-youngsters,116,13,187,779,欧洲,https://oss.5eplay.com/sport/csgo/team/hz/cec3vjf4nfq43340vuk0.png
csgo_tm_11768,ODDIK,117,13,155,819,美洲,https://oss.5eplay.com/cloudx/p/sport/csgo/team/cla6qasconkqks63cgjg.png
hltv_team_13279,LPH,118,12,158,814,欧洲,https://oss.5eplay.com/cloudx/p/sport/csgo/team/d6ua654conkpudhr3pm0.png
hltv_team_13681,Inner Circle Academy,119,12,146,853,欧洲,https://oss.5eplay.com/cloudx/p/sport/csgo/team/d7t9q6cconkpudhr4e7g.png
hltv_team_12677,Galorys,120,12,101,968,美洲,https://oss.5eplay.com/cloudx/p/sport/csgo/team/cn6n7usconkqks63dv8g.png
csgo_tm_10459,ARCRED,121,12,82,1078,欧洲,https://oss.5eplay.com/cloudx/p/sport/csgo/team/merge_d8bf1s4conkpudhr4s1g.png
hltv_team_13012,HyperSpirit,122,12,139,880,欧洲,https://oss.5eplay.com/cloudx/p/sport/csgo/team/d2am4mcconkt3legev90.png
csgo_tm_11176,MOUZ.N,123,12,145,853,欧洲,https://oss.5eplay.com/sport/csgo/team/hz/cec3vg74nfq43340vu2g.png
csgo_tm_11110,Honvéd,124,12,140,875,欧洲,https://oss.5eplay.com/sport/csgo/team/hz/cec3vdn4nfq43340vtig.png
csgo_tm_11446,Leo,125,12,137,883,欧洲,https://oss.5eplay.com/cloudx/p/sport/csgo/team/cu94sf4conkqmjpn80og.png
csgo_tm_11838,Partizan,126,12,306,612,欧洲,https://oss.5eplay.com/sport/csgo/team/hz/cec409f4nfq4334102ng.png
csgo_tm_7865,HAVU,127,12,118,918,欧洲,https://oss.5eplay.com/sport/csgo/team/hz/cec3rmn4nfq43340v9d0.png
hltv_team_13892,ex-MANA,128,11,166,807,欧洲,https://oss.5eplay.com/sport/csgo/team/null.png
csgo_tm_11011,PDF,129,11,249,679,美洲,https://oss.5eplay.com/sport/csgo/team/hz/cec3v9v4nfq43340vsvg.png
hltv_team_13777,PURE,130,11,125,911,欧洲,https://oss.5eplay.com/sport/csgo/team/null.png
hltv_team_13528,Misa,131,11,183,783,欧洲,https://oss.5eplay.com/cloudx/p/sport/csgo/team/d52aqa4conkpudhr3ed0.png
hltv_team_13619,BET-M,132,11,98,981,欧洲,https://oss.5eplay.com/cloudx/p/sport/csgo/team/d5k55c4conkpudhr3gvg.png
csgo_tm_7120,Entropy,133,11,202,749,欧洲,https://oss.5eplay.com/sport/csgo/team/merge_cein85f4nfq4334155fg.png
hltv_team_13694,THE UNIT,134,11,199,756,亚洲,https://oss.5eplay.com/sport/csgo/team/null.png
csgo_tm_4869,ENCE,135,11,122,916,欧洲,https://oss.5eplay.com/cloudx/p/sport/csgo/team/chae6uf4nfqe2nie4up0.png
csgo_tm_7187,Nexus,136,11,89,1025,欧洲,https://oss.5eplay.com/sport/csgo/team/hz/cec3qsv4nfq43340v4r0.png
hltv_team_12609,Lavked,137,11,100,970,欧洲,https://oss.5eplay.com/sport/csgo/team/null.png
hltv_team_13761,Vexar,138,11,178,789,欧洲,https://oss.5eplay.com/cloudx/p/sport/csgo/team/merge_da1rmp4conkpudhr5b40.png
hltv_team_13026,BESTIA Academy,139,11,210,738,美洲,https://oss.5eplay.com/cloudx/p/sport/csgo/team/merge_d52vt04conkpudhr3fag.png
csgo_tm_10254,BIG.A,140,11,235,698,欧洲,https://oss.5eplay.com/sport/csgo/team/merge_cgch9m9ll806h1bg2lp0.png
csgo_tm_11933,Yawara,141,10,132,891,美洲,https://oss.5eplay.com/cloudx/p/sport/csgo/team/cmeaq4kconkqks63da7g.png
hltv_team_13870,Wingman,142,10,311,607,欧洲,https://oss.5eplay.com/sport/csgo/team/null.png
hltv_team_13667,NEXVOID,143,10,127,905,亚洲,https://oss.5eplay.com/cloudx/p/sport/csgo/team/d7jdn8sconkpudhr4co0.png
hltv_team_13799,PsychoFace,144,10,109,954,欧洲,https://oss.5eplay.com/sport/csgo/team/null.png
hltv_team_12087,Lazer Cats,145,10,126,907,欧洲,https://oss.5eplay.com/sport/csgo/team/cetrkr1ll806civqftdg.png
csgo_tm_11795,Villainous union,146,10,197,761,美洲,https://oss.5eplay.com/sport/csgo/team/ceihs4v4nfq433415220.png
hltv_team_13759,mellren,147,10,173,796,欧洲,https://oss.5eplay.com/sport/csgo/team/null.png
csgo_tm_11278,Coalesce,148,10,337,557,欧洲,https://oss.5eplay.com/sport/csgo/team/hz/cec3vkf4nfq43340vur0.png
hltv_team_13599,benched gods,149,9,160,814,欧洲,https://oss.5eplay.com/cloudx/p/sport/csgo/team/da1rnc4conkpudhr5b4g.png
hltv_team_13686,Abyssal,150,9,203,749,亚洲,https://oss.5eplay.com/cloudx/p/sport/csgo/team/merge_d6fa6mcconkpudhr3lj0.png
csgo_tm_11555,UNO,151,9,157,814,美洲,https://oss.5eplay.com/sport/csgo/team/null.png
hltv_team_13321,Falcons Force,152,9,149,840,欧洲,https://oss.5eplay.com/cloudx/p/sport/csgo/team/d62k2csconkpudhr3l1g.png
hltv_team_13668,Atreides,153,9,112,950,欧洲,https://oss.5eplay.com/cloudx/p/sport/csgo/team/d7lcb6kconkpudhr4cv0.png
hltv_team_13745,Kuusamo,154,9,266,657,欧洲,https://oss.5eplay.com/cloudx/p/sport/csgo/team/d7c4nlcconkpudhr3rtg.png
hltv_team_13724,5star,155,9,111,950,亚洲,https://oss.5eplay.com/cloudx/p/sport/csgo/team/d6t09jsconkpudhr3oqg.png
hltv_team_12363,Arcade,156,9,257,664,亚洲,https://oss.5eplay.com/cloudx/p/sport/csgo/team/cqc9e2cconkotam7vpt0.png
hltv_team_13766,Phantom Academy,157,9,225,715,欧洲,https://oss.5eplay.com/sport/csgo/team/null.png
csgo_tm_9881,Rooster,158,8,185,780,亚洲,https://oss.5eplay.com/sport/csgo/team/hz/cec3u2f4nfq43340vma0.png
hltv_team_13913,Trainwrecks,159,8,332,561,欧洲,https://oss.5eplay.com/sport/csgo/team/null.png
hltv_team_13927,Orda,160,8,0,0,,https://oss.5eplay.com/sport/csgo/team/null.png
hltv_team_13811,QUINTESSÊNCIA,161,8,243,685,美洲,https://oss.5eplay.com/sport/csgo/team/null.png
hltv_team_13945,MAYBE,162,8,378,472,欧洲,https://oss.5eplay.com/sport/csgo/team/null.png
hltv_team_13827,NEW VISION,163,8,192,769,欧洲,https://oss.5eplay.com/sport/csgo/team/null.png
hltv_team_13571,SINQU,164,8,153,827,欧洲,https://oss.5eplay.com/cloudx/p/sport/csgo/team/d5a7nvsconkpudhr3ftg.png
hltv_team_13714,Donstu,165,8,230,702,欧洲,https://oss.5eplay.com/cloudx/p/sport/csgo/team/d7lcd8sconkpudhr4cvg.png
hltv_team_12857,FORZE Reload,166,8,342,542,欧洲,https://oss.5eplay.com/cloudx/p/sport/csgo/team/cpkjdi4conklgsjvidmg.png
hltv_team_13546,Strael Bora,167,8,159,814,欧洲,https://oss.5eplay.com/cloudx/p/sport/csgo/team/da1rprcconkpudhr5b6g.png
csgo_tm_10975,MIBR.fe,168,8,171,798,美洲,https://oss.5eplay.com/sport/csgo/team/merge_cgcl8r9ll806h1bg2nq0.png
hltv_team_12960,Fire Flux,169,8,164,808,欧洲,https://oss.5eplay.com/cloudx/p/sport/csgo/team/crqfknkconkotam8124g.png
hltv_team_13552,Endless Journey,170,7,169,806,欧洲,https://oss.5eplay.com/cloudx/p/sport/csgo/team/da1rnscconkpudhr5b50.png
hltv_team_13574,33,171,8,217,728,美洲,https://oss.5eplay.com/sport/csgo/team/null.png
hltv_team_13732,B8 Academy,171,7,264,658,欧洲,https://oss.5eplay.com/sport/csgo/team/null.png
hltv_team_13855,Overtake Sector,172,7,273,647,美洲,https://oss.5eplay.com/cloudx/p/sport/csgo/team/d97f7dkconkpudhr557g.png
csgo_tm_6810,aimclub,173,7,200,756,欧洲,https://oss.5eplay.com/sport/csgo/team/hz/cec3ql74nfq43340v29g.png
hltv_team_13889,train launcher,174,7,247,681,欧洲,https://oss.5eplay.com/sport/csgo/team/null.png
hltv_team_13747,BERG,175,7,170,799,欧洲,https://oss.5eplay.com/cloudx/p/sport/csgo/team/merge_d907n1cconkpudhr5450.png
hltv_team_12973,NuTorious,176,7,205,747,美洲,https://oss.5eplay.com/cloudx/p/sport/csgo/team/cv0ig1sconkqmjpn8el0.png
hltv_team_13902,BORRACHEIROS,177,7,176,791,美洲,https://oss.5eplay.com/sport/csgo/team/null.png
hltv_team_13914,Privateer,178,7,234,698,欧洲,https://oss.5eplay.com/sport/csgo/team/null.png
hltv_team_13623,STATE,179,7,85,1047,欧洲,https://oss.5eplay.com/cloudx/p/sport/csgo/team/merge_d7q5pucconkpudhr4e5g.png
hltv_team_13613,Bebop,180,7,163,810,欧洲,https://oss.5eplay.com/sport/csgo/team/null.png
hltv_team_13877,Noir Verse,181,7,142,864,欧洲,https://oss.5eplay.com/cloudx/p/sport/csgo/team/da1ro4sconkpudhr5b5g.png
hltv_team_13161,eternal premium,182,7,275,644,欧洲,https://oss.5eplay.com/cloudx/p/sport/csgo/team/merge_d7a6ql4conkpudhr3rr0.png
hltv_team_12822,Spirit HU,183,7,385,445,欧洲,https://oss.5eplay.com/sport/csgo/team/null.png
csgo_tm_11905,paiN.A,184,6,241,689,美洲,https://oss.5eplay.com/sport/csgo/team/merge_ceigi1f4nfq4334150ag.png
csgo_tm_7556,Tricksters,185,6,285,636,欧洲,https://oss.5eplay.com/sport/csgo/team/hz/cec3raf4nfq43340v7ag.png
hltv_team_13591,ALTAY,186,6,252,671,欧洲,https://oss.5eplay.com/cloudx/p/sport/csgo/team/d5a7lqkconkpudhr3fs0.png
hltv_team_13912,Grêmio,187,6,315,593,美洲,https://oss.5eplay.com/sport/csgo/team/null.png
csgo_tm_9735,Lilmix,188,5,238,695,欧洲,https://oss.5eplay.com/sport/csgo/team/hz/cec3trv4nfq43340vl40.png
hltv_team_13107,Chicken Coop,189,5,117,928,美洲,https://oss.5eplay.com/cloudx/p/sport/csgo/team/merge_cu4q5h4conkqmjpn7t3g.png
hltv_team_13796,Young TigeRES,190,5,350,521,欧洲,https://oss.5eplay.com/sport/csgo/team/null.png
hltv_team_13331,Kaleido,191,5,182,783,亚洲,https://oss.5eplay.com/cloudx/p/sport/csgo/team/d4aj9ccconkgnll274h0.png
csgo_tm_10997,Procyon,192,5,309,609,美洲,https://oss.5eplay.com/cloudx/p/sport/csgo/team/d85e59kconkpudhr4oqg.png
hltv_team_13695,CTRL,193,4,320,584,欧洲,https://oss.5eplay.com/sport/csgo/team/null.png
csgo_tm_10679,Red Feet,194,4,331,562,美洲,https://oss.5eplay.com/sport/csgo/team/hz/cec3uuf4nfq43340vqr0.png
hltv_team_13788,Clutchain,195,4,256,666,欧洲,https://oss.5eplay.com/cloudx/p/sport/csgo/team/d7lcdmsconkpudhr4d1g.png
hltv_team_13264,ODDIK Academy,196,4,359,508,美洲,https://oss.5eplay.com/cloudx/p/sport/csgo/team/d0dbp2kconkt3lege7v0.png
hltv_team_13726,METANOIA Wolves,197,4,284,637,美洲,https://oss.5eplay.com/cloudx/p/sport/csgo/team/d768e1kconkpudhr3qcg.png
csgo_tm_9422,CarritoSpain,198,4,0,0,,https://oss.5eplay.com/sport/csgo/team/null.png
hltv_team_13861,Game Point,199,4,0,0,,https://oss.5eplay.com/sport/csgo/team/null.png
hltv_team_12457,RoundsGG,200,3,276,644,欧洲,https://oss.5eplay.com/cloudx/p/sport/csgo/team/ckq9f3kconkqks63c24g.png
hltv_team_13907,RUSH,201,3,0,0,,https://oss.5eplay.com/sport/csgo/team/null.png
hltv_team_12190,Shimmer,202,3,246,682,美洲,https://oss.5eplay.com/cloudx/p/sport/csgo/team/ckbmp84conkqks63bmbg.png
hltv_team_12276,DXA,203,3,305,613,亚洲,https://oss.5eplay.com/cloudx/p/sport/csgo/team/d7cpg7cconkpudhr3rug.png
hltv_team_13666,BMZ,204,3,208,740,亚洲,https://oss.5eplay.com/cloudx/p/sport/csgo/team/d6t0ackconkpudhr3or0.png
hltv_team_13317,DOG,204,3,-1,0,,https://oss.5eplay.com/sport/csgo/team/null.png
hltv_team_13857,Iowa,204,3,221,724,美洲,https://oss.5eplay.com/sport/csgo/team/null.png
hltv_team_13310,MANA,204,4,-1,0,欧洲,https://oss.5eplay.com/cloudx/p/sport/csgo/team/d1j4hocconkt3legeq3g.png
hltv_team_13646,Fortress,205,3,224,719,欧洲,https://oss.5eplay.com/cloudx/p/sport/csgo/team/da1rq3kconkpudhr5b70.png
hltv_team_13610,Beyond Limits,206,3,0,415,美洲,https://oss.5eplay.com/sport/csgo/team/null.png
hltv_team_12971,Wanted Goons,207,3,288,631,美洲,https://oss.5eplay.com/cloudx/p/sport/csgo/team/crlsob4conkotam80tp0.png
hltv_team_13551,OlyBet,208,3,294,626,欧洲,https://oss.5eplay.com/cloudx/p/sport/csgo/team/d5a7oi4conkpudhr3fu0.png
hltv_team_12646,CW,209,2,177,789,亚洲,https://oss.5eplay.com/cloudx/p/sport/csgo/team/coqf55sconklgsjvhde0.png
hltv_team_13942,Finishers,210,2,0,0,,https://oss.5eplay.com/sport/csgo/team/null.png
hltv_team_12533,Atrix,211,2,301,620,美洲,https://oss.5eplay.com/cloudx/p/sport/csgo/team/merge_crl975sconkotam80stg.png
hltv_team_13573,ex-Zero Tenacity,212,2,141,875,欧洲,https://oss.5eplay.com/sport/csgo/team/null.png
hltv_team_13563,Diamant,213,1,401,396,欧洲,https://oss.5eplay.com/cloudx/p/sport/csgo/team/d6ua5p4conkpudhr3plg.png
hltv_team_13865,Arch,214,1,300,620,欧洲,https://oss.5eplay.com/sport/csgo/team/null.png
hltv_team_12769,Fisher College,215,1,128,898,欧洲,https://oss.5eplay.com/cloudx/p/sport/csgo/team/ct9qa2cconkqmjpn7ac0.png
hltv_team_13327,R2,215,3,296,622,美洲,https://oss.5eplay.com/cloudx/p/sport/csgo/team/d2gmv9kconkt3legf12g.png
hltv_team_13657,Blitzkrieg,216,1,358,508,美洲,https://oss.5eplay.com/sport/csgo/team/null.png
csgo_tm_11218,okura,218,3,0,0,,https://oss.5eplay.com/sport/csgo/team/null.png
csgo_tm_11711,Players,224,3,319,587,美洲,https://oss.5eplay.com/sport/csgo/team/null.png
hltv_team_13364,Famalicão,225,2,277,644,欧洲,https://oss.5eplay.com/cloudx/p/sport/csgo/team/d2gjvpkconkt3legf0t0.png
hltv_team_12825,The QUBE,225,3,244,682,亚洲,https://oss.5eplay.com/cloudx/p/sport/csgo/team/d1evt64conkt3legepe0.png
hltv_team_13729,EMPIRE,226,2,265,658,美洲,https://oss.5eplay.com/cloudx/p/sport/csgo/team/d7cplj4conkpudhr3s4g.png
hltv_team_13685,Skele,230,1,377,473,亚洲,https://oss.5eplay.com/sport/csgo/team/null.png
csgo_tm_10287,Legion,232,2,366,494,亚洲,https://oss.5eplay.com/cloudx/p/sport/csgo/team/d2sep6kconkqbk3bnn00.png
hltv_team_13450,yngods,236,1,280,643,欧洲,https://oss.5eplay.com/sport/csgo/team/null.png
hltv_team_13718,100RA,240,2,0,0,,https://oss.5eplay.com/cloudx/p/sport/csgo/team/d9b0g24conkpudhr566g.png
hltv_team_13505,Wicked,241,1,0,0,,https://oss.5eplay.com/sport/csgo/team/null.png
hltv_team_12568,EC BANGA,242,1,325,572,欧洲,https://oss.5eplay.com/cloudx/p/sport/csgo/team/csmvbqsconkotam81dhg.png
hltv_team_13465,Dziuseppe,245,2,-1,0,欧洲,https://oss.5eplay.com/sport/csgo/team/null.png
hltv_team_13733,Sicarios,265,1,0,0,,https://oss.5eplay.com/sport/csgo/team/null.png
hltv_team_13973,Color,0,0,0,0,,https://oss.5eplay.com/sport/csgo/team/null.png
hltv_team_13803,DNK,0,0,0,0,,https://oss.5eplay.com/sport/csgo/team/null.png
hltv_team_13697,Damajuana,0,0,0,0,,https://oss.5eplay.com/sport/csgo/team/null.png
hltv_team_13868,DragonClaw,0,0,0,0,,https://oss.5eplay.com/sport/csgo/team/null.png
hltv_team_13970,Drip Too Hard,0,0,0,0,,https://oss.5eplay.com/sport/csgo/team/null.png
csgo_tm_11480,Guess,0,0,0,0,,https://oss.5eplay.com/sport/csgo/team/hz/cec3vrn4nfq433410040.png
csgo_tm_10867,MASONIC,0,0,0,0,,https://oss.5eplay.com/sport/csgo/team/hz/cec3v4n4nfq43340vrv0.png
hltv_team_13938,MEIA NOITE,0,0,0,0,,https://oss.5eplay.com/sport/csgo/team/null.png
hltv_team_13894,Mai Tai,0,0,0,0,,https://oss.5eplay.com/sport/csgo/team/null.png
hltv_team_13980,Mansão Maromba,0,0,0,0,,https://oss.5eplay.com/sport/csgo/team/null.png
hltv_team_13975,Nordic Valor,0,0,0,0,,https://oss.5eplay.com/sport/csgo/team/null.png
hltv_team_13979,Peladona,0,0,0,0,,https://oss.5eplay.com/sport/csgo/team/null.png
hltv_team_13706,Pugdesonesto,0,0,0,0,,https://oss.5eplay.com/sport/csgo/team/null.png
hltv_team_13972,Raccoons,0,0,0,0,,https://oss.5eplay.com/sport/csgo/team/null.png
hltv_team_13971,Revise,0,0,0,0,,https://oss.5eplay.com/sport/csgo/team/null.png
hltv_team_13974,Ryvex,0,0,0,0,,https://oss.5eplay.com/sport/csgo/team/null.png
hltv_team_13978,Sementes do Mal,0,0,0,0,,https://oss.5eplay.com/sport/csgo/team/null.png
hltv_team_13707,Younglings,0,0,0,0,,https://oss.5eplay.com/sport/csgo/team/null.png
hltv_team_13833,Zetta,0,0,0,0,,https://oss.5eplay.com/sport/csgo/team/null.png
hltv_team_13939,ex-GUARA,0,0,0,0,,https://oss.5eplay.com/sport/csgo/team/null.png
hltv_team_13901,ex-RUSTEC,0,0,0,0,,https://oss.5eplay.com/sport/csgo/team/null.png
hltv_team_13893,ex-Sashi Academy,0,0,0,0,,https://oss.5eplay.com/sport/csgo/team/null.png
hltv_team_13501,illwill,0,0,0,0,,https://oss.5eplay.com/cloudx/p/sport/csgo/team/d6b72c4conkpudhr3ld0.png
