schedule_id,season_id,stage_id,stage_name,round_name,group_name,week_num,start_time,status_id,status_zh,bo_total,settlement_type,team_ids,result_team_ids
DFPL2026S1_W1M1,DFPL2026S1,cgs,常规赛,小组赛,A组,1,2026-03-25T15:00:00+08:00,4,已结束,7,无,DFPL2026S1_estar;DFPL2026S1_jdg;DFPL2026S1_oa;DFPL2026S1_qj;DFPL2026S1_rsg;DFPL2026S1_syg,DFPL2026S1_syg;DFPL2026S1_rsg;DFPL2026S1_estar;DFPL2026S1_jdg;DFPL2026S1_oa;DFPL2026S1_qj
DFPL2026S1_W1M2,DFPL2026S1,cgs,常规赛,小组赛,B组,1,2026-03-25T18:30:00+08:00,4,已结束,7,无,DFPL2026S1_ag;DFPL2026S1_drg;DFPL2026S1_jxg;DFPL2026S1_ksg;DFPL2026S1_nova;DFPL2026S1_tec,DFPL2026S1_ksg;DFPL2026S1_ag;DFPL2026S1_tec;DFPL2026S1_nova;DFPL2026S1_drg;DFPL2026S1_jxg
DFPL2026S1_W1M3,DFPL2026S1,cgs,常规赛,小组赛,C组,1,2026-03-26T15:00:00+08:00,4,已结束,6,无,DFPL2026S1_baisha;DFPL2026S1_ibg;DFPL2026S1_lgd;DFPL2026S1_tes;DFPL2026S1_te;DFPL2026S1_we,DFPL2026S1_we;DFPL2026S1_ibg;DFPL2026S1_lgd;DFPL2026S1_baisha;DFPL2026S1_tes;DFPL2026S1_te
DFPL2026S1_W1M4,DFPL2026S1,cgs,常规赛,小组赛,D组,1,2026-03-26T18:30:00+08:00,4,已结束,4,无,DFPL2026S1_blg;DFPL2026S1_jag;DFPL2026S1_ld;DFPL2026S1_shark;DFPL2026S1_wbg;DFPL2026S1_xrock,DFPL2026S1_xrock;DFPL2026S1_wbg;DFPL2026S1_shark;DFPL2026S1_ld;DFPL2026S1_jag;DFPL2026S1_blg
DFPL2026S1_W1M5,DFPL2026S1,cgs,常规赛,,上半区突围赛,1,2026-03-27T15:00:00+08:00,4,已结束,7,无,DFPL2026S1_oa;DFPL2026S1_jdg;DFPL2026S1_estar;DFPL2026S1_tec;DFPL2026S1_nova;DFPL2026S1_drg,DFPL2026S1_oa;DFPL2026S1_jdg;DFPL2026S1_nova;DFPL2026S1_tec;DFPL2026S1_estar;DFPL2026S1_drg
DFPL2026S1_W1M6,DFPL2026S1,cgs,常规赛,,下半区突围赛,1,2026-03-27T18:30:00+08:00,4,已结束,7,无,DFPL2026S1_lgd;DFPL2026S1_baisha;DFPL2026S1_tes;DFPL2026S1_shark;DFPL2026S1_ld;DFPL2026S1_jag,DFPL2026S1_jag;DFPL2026S1_tes;DFPL2026S1_ld;DFPL2026S1_shark;DFPL2026S1_lgd;DFPL2026S1_baisha
DFPL2026S1_W1M7,DFPL2026S1,cgs,常规赛,,上半区晋级赛,1,2026-03-28T15:00:00+08:00,4,已结束,6,无,DFPL2026S1_syg;DFPL2026S1_rsg;DFPL2026S1_ksg;DFPL2026S1_ag;DFPL2026S1_oa;DFPL2026S1_jdg,DFPL2026S1_rsg;DFPL2026S1_jdg;DFPL2026S1_syg;DFPL2026S1_ag;DFPL2026S1_ksg;DFPL2026S1_oa
DFPL2026S1_W1M8,DFPL2026S1,cgs,常规赛,,下半区晋级赛,1,2026-03-28T18:30:00+08:00,4,已结束,4,无,DFPL2026S1_we;DFPL2026S1_ibg;DFPL2026S1_xrock;DFPL2026S1_wbg;DFPL2026S1_jag;DFPL2026S1_tes,DFPL2026S1_tes;DFPL2026S1_xrock;DFPL2026S1_jag;DFPL2026S1_ibg;DFPL2026S1_wbg;DFPL2026S1_we
DFPL2026S1_W1M9,DFPL2026S1,cgs,常规赛,,周决突围赛,1,2026-03-29T15:00:00+08:00,4,已结束,5,无,DFPL2026S1_syg;DFPL2026S1_ag;DFPL2026S1_ksg;DFPL2026S1_jag;DFPL2026S1_ibg;DFPL2026S1_wbg,DFPL2026S1_ibg;DFPL2026S1_ag;DFPL2026S1_jag;DFPL2026S1_ksg;DFPL2026S1_syg;DFPL2026S1_wbg
DFPL2026S1_W1M10,DFPL2026S1,cgs,常规赛,,周决赛,1,2026-03-29T18:30:00+08:00,4,已结束,7,无,DFPL2026S1_rsg;DFPL2026S1_jdg;DFPL2026S1_tes;DFPL2026S1_xrock;DFPL2026S1_ibg;DFPL2026S1_ag,DFPL2026S1_jdg;DFPL2026S1_ag;DFPL2026S1_xrock;DFPL2026S1_rsg;DFPL2026S1_ibg;DFPL2026S1_tes
DFPL2026S1_W2M1,DFPL2026S1,cgs,常规赛,小组赛,A组,2,2026-04-01T15:00:00+08:00,4,已结束,7,无,DFPL2026S1_nova;DFPL2026S1_blg;DFPL2026S1_oa;DFPL2026S1_tes;DFPL2026S1_we;DFPL2026S1_drg,DFPL2026S1_tes;DFPL2026S1_nova;DFPL2026S1_we;DFPL2026S1_oa;DFPL2026S1_blg;DFPL2026S1_drg
DFPL2026S1_W2M2,DFPL2026S1,cgs,常规赛,小组赛,B组,2,2026-04-01T18:30:00+08:00,4,已结束,4,无,DFPL2026S1_rsg;DFPL2026S1_ksg;DFPL2026S1_qj;DFPL2026S1_jdg;DFPL2026S1_estar;DFPL2026S1_syg,DFPL2026S1_jdg;DFPL2026S1_rsg;DFPL2026S1_estar;DFPL2026S1_ksg;DFPL2026S1_syg;DFPL2026S1_qj
DFPL2026S1_W2M3,DFPL2026S1,cgs,常规赛,小组赛,C组,2,2026-04-02T15:00:00+08:00,4,已结束,6,无,DFPL2026S1_jag;DFPL2026S1_ag;DFPL2026S1_jxg;DFPL2026S1_baisha;DFPL2026S1_te;DFPL2026S1_wbg,DFPL2026S1_wbg;DFPL2026S1_jag;DFPL2026S1_baisha;DFPL2026S1_ag;DFPL2026S1_jxg;DFPL2026S1_te
DFPL2026S1_W2M4,DFPL2026S1,cgs,常规赛,小组赛,D组,2,2026-04-02T18:30:00+08:00,4,已结束,6,无,DFPL2026S1_tec;DFPL2026S1_shark;DFPL2026S1_lgd;DFPL2026S1_ibg;DFPL2026S1_ld;DFPL2026S1_xrock,DFPL2026S1_ld;DFPL2026S1_tec;DFPL2026S1_xrock;DFPL2026S1_shark;DFPL2026S1_ibg;DFPL2026S1_lgd
DFPL2026S1_W2M5,DFPL2026S1,cgs,常规赛,,上半区突围赛,2,2026-04-03T15:00:00+08:00,4,已结束,7,无,DFPL2026S1_we;DFPL2026S1_oa;DFPL2026S1_blg;DFPL2026S1_estar;DFPL2026S1_ksg;DFPL2026S1_syg,DFPL2026S1_syg;DFPL2026S1_we;DFPL2026S1_estar;DFPL2026S1_oa;DFPL2026S1_blg;DFPL2026S1_ksg
DFPL2026S1_W2M6,DFPL2026S1,cgs,常规赛,,下半区突围赛,2,2026-04-03T18:30:00+08:00,4,已结束,4,无,DFPL2026S1_baisha;DFPL2026S1_ag;DFPL2026S1_jxg;DFPL2026S1_xrock;DFPL2026S1_shark;DFPL2026S1_ibg,DFPL2026S1_baisha;DFPL2026S1_ibg;DFPL2026S1_ag;DFPL2026S1_xrock;DFPL2026S1_shark;DFPL2026S1_jxg
DFPL2026S1_W2M7,DFPL2026S1,cgs,常规赛,,上半区晋级赛,2,2026-04-04T15:00:00+08:00,4,已结束,5,无,DFPL2026S1_tes;DFPL2026S1_nova;DFPL2026S1_jdg;DFPL2026S1_rsg;DFPL2026S1_we;DFPL2026S1_syg,DFPL2026S1_rsg;DFPL2026S1_jdg;DFPL2026S1_we;DFPL2026S1_tes;DFPL2026S1_nova;DFPL2026S1_syg
DFPL2026S1_W2M8,DFPL2026S1,cgs,常规赛,,下半区晋级赛,2,2026-04-04T18:30:00+08:00,4,已结束,7,无,DFPL2026S1_wbg;DFPL2026S1_jag;DFPL2026S1_ld;DFPL2026S1_tec;DFPL2026S1_baisha;DFPL2026S1_ibg,DFPL2026S1_tec;DFPL2026S1_wbg;DFPL2026S1_ld;DFPL2026S1_jag;DFPL2026S1_baisha;DFPL2026S1_ibg
DFPL2026S1_W2M9,DFPL2026S1,cgs,常规赛,,周决突围赛,2,2026-04-05T15:00:00+08:00,4,已结束,4,无,DFPL2026S1_we;DFPL2026S1_nova;DFPL2026S1_tes;DFPL2026S1_ld;DFPL2026S1_jag;DFPL2026S1_baisha,DFPL2026S1_ld;DFPL2026S1_baisha;DFPL2026S1_jag;DFPL2026S1_nova;DFPL2026S1_tes;DFPL2026S1_we
DFPL2026S1_W2M10,DFPL2026S1,cgs,常规赛,,周决赛,2,2026-04-05T18:30:00+08:00,4,已结束,7,无,DFPL2026S1_rsg;DFPL2026S1_jdg;DFPL2026S1_tec;DFPL2026S1_wbg;DFPL2026S1_ld;DFPL2026S1_baisha,DFPL2026S1_ld;DFPL2026S1_baisha;DFPL2026S1_wbg;DFPL2026S1_rsg;DFPL2026S1_jdg;DFPL2026S1_tec
DFPL2026S1_W3M1,DFPL2026S1,cgs,常规赛,小组赛,A组,3,2026-04-08T15:00:00+08:00,4,已结束,4,无,DFPL2026S1_baisha;DFPL2026S1_lgd;DFPL2026S1_ibg;DFPL2026S1_qj;DFPL2026S1_tes;DFPL2026S1_we,DFPL2026S1_lgd;DFPL2026S1_ibg;DFPL2026S1_we;DFPL2026S1_qj;DFPL2026S1_tes;DFPL2026S1_baisha
DFPL2026S1_W3M2,DFPL2026S1,cgs,常规赛,小组赛,B组,3,2026-04-08T18:30:00+08:00,4,已结束,4,无,DFPL2026S1_ag;DFPL2026S1_drg;DFPL2026S1_tec;DFPL2026S1_wbg;DFPL2026S1_jdg;DFPL2026S1_syg,DFPL2026S1_syg;DFPL2026S1_wbg;DFPL2026S1_tec;DFPL2026S1_jdg;DFPL2026S1_ag;DFPL2026S1_drg
DFPL2026S1_W3M3,DFPL2026S1,cgs,常规赛,小组赛,C组,3,2026-04-09T15:00:00+08:00,4,已结束,7,无,DFPL2026S1_ld;DFPL2026S1_nova;DFPL2026S1_blg;DFPL2026S1_rsg;DFPL2026S1_ksg;DFPL2026S1_te,DFPL2026S1_nova;DFPL2026S1_ld;DFPL2026S1_te;DFPL2026S1_ksg;DFPL2026S1_blg;DFPL2026S1_rsg
DFPL2026S1_W3M4,DFPL2026S1,cgs,常规赛,小组赛,D组,3,2026-04-09T18:30:00+08:00,4,已结束,5,无,DFPL2026S1_xrock;DFPL2026S1_estar;DFPL2026S1_oa;DFPL2026S1_shark;DFPL2026S1_jag;DFPL2026S1_jxg,DFPL2026S1_jxg;DFPL2026S1_estar;DFPL2026S1_jag;DFPL2026S1_shark;DFPL2026S1_oa;DFPL2026S1_xrock
DFPL2026S1_W3M5,DFPL2026S1,cgs,常规赛,,上半区突围赛,3,2026-04-10T15:00:00+08:00,4,已结束,6,无,DFPL2026S1_we;DFPL2026S1_qj;DFPL2026S1_tes;DFPL2026S1_tec;DFPL2026S1_jdg;DFPL2026S1_ag,DFPL2026S1_qj;DFPL2026S1_tec;DFPL2026S1_tes;DFPL2026S1_we;DFPL2026S1_ag;DFPL2026S1_jdg
DFPL2026S1_W3M6,DFPL2026S1,cgs,常规赛,,下半区突围赛,3,2026-04-10T18:30:00+08:00,4,已结束,5,无,DFPL2026S1_te;DFPL2026S1_ksg;DFPL2026S1_blg;DFPL2026S1_jag;DFPL2026S1_shark;DFPL2026S1_oa,DFPL2026S1_jag;DFPL2026S1_shark;DFPL2026S1_oa;DFPL2026S1_ksg;DFPL2026S1_blg;DFPL2026S1_te
DFPL2026S1_W3M7,DFPL2026S1,cgs,常规赛,,上半区晋级赛,3,2026-04-11T15:00:00+08:00,4,已结束,6,无,DFPL2026S1_lgd;DFPL2026S1_ibg;DFPL2026S1_syg;DFPL2026S1_wbg;DFPL2026S1_qj;DFPL2026S1_tec,DFPL2026S1_tec;DFPL2026S1_wbg;DFPL2026S1_lgd;DFPL2026S1_ibg;DFPL2026S1_qj;DFPL2026S1_syg
DFPL2026S1_W3M8,DFPL2026S1,cgs,常规赛,,下半区晋级赛,3,2026-04-11T18:30:00+08:00,4,已结束,7,无,DFPL2026S1_nova;DFPL2026S1_ld;DFPL2026S1_jxg;DFPL2026S1_estar;DFPL2026S1_shark;DFPL2026S1_jag,DFPL2026S1_nova;DFPL2026S1_estar;DFPL2026S1_shark;DFPL2026S1_jag;DFPL2026S1_ld;DFPL2026S1_jxg
DFPL2026S1_W3M9,DFPL2026S1,cgs,常规赛,,周决突围赛,3,2026-04-12T15:00:00+08:00,4,已结束,7,无,DFPL2026S1_lgd;DFPL2026S1_ibg;DFPL2026S1_qj;DFPL2026S1_shark;DFPL2026S1_jag;DFPL2026S1_ld,DFPL2026S1_jag;DFPL2026S1_qj;DFPL2026S1_shark;DFPL2026S1_lgd;DFPL2026S1_ld;DFPL2026S1_ibg
DFPL2026S1_W3M10,DFPL2026S1,cgs,常规赛,,周决赛,3,2026-04-12T18:30:00+08:00,4,已结束,7,无,DFPL2026S1_tec;DFPL2026S1_wbg;DFPL2026S1_nova;DFPL2026S1_estar;DFPL2026S1_jag;DFPL2026S1_qj,DFPL2026S1_wbg;DFPL2026S1_tec;DFPL2026S1_estar;DFPL2026S1_qj;DFPL2026S1_jag;DFPL2026S1_nova
DFPL2026S1_W4M1,DFPL2026S1,cgs,常规赛,小组赛,A组,4,2026-04-15T15:00:00+08:00,4,已结束,4,无,DFPL2026S1_nova;DFPL2026S1_ibg;DFPL2026S1_estar;DFPL2026S1_ag;DFPL2026S1_jag;DFPL2026S1_jdg,DFPL2026S1_estar;DFPL2026S1_jdg;DFPL2026S1_ibg;DFPL2026S1_jag;DFPL2026S1_nova;DFPL2026S1_ag
DFPL2026S1_W4M2,DFPL2026S1,cgs,常规赛,小组赛,B组,4,2026-04-15T18:30:00+08:00,4,已结束,6,无,DFPL2026S1_xrock;DFPL2026S1_lgd;DFPL2026S1_blg;DFPL2026S1_we;DFPL2026S1_tes;DFPL2026S1_drg,DFPL2026S1_tes;DFPL2026S1_lgd;DFPL2026S1_blg;DFPL2026S1_we;DFPL2026S1_drg;DFPL2026S1_xrock
DFPL2026S1_W4M3,DFPL2026S1,cgs,常规赛,小组赛,C组,4,2026-04-16T15:00:00+08:00,4,已结束,4,无,DFPL2026S1_tec;DFPL2026S1_ld;DFPL2026S1_rsg;DFPL2026S1_ksg;DFPL2026S1_baisha;DFPL2026S1_te,DFPL2026S1_ld;DFPL2026S1_baisha;DFPL2026S1_rsg;DFPL2026S1_te;DFPL2026S1_tec;DFPL2026S1_ksg
DFPL2026S1_W4M4,DFPL2026S1,cgs,常规赛,小组赛,D组,4,2026-04-16T18:30:00+08:00,4,已结束,6,无,DFPL2026S1_oa;DFPL2026S1_syg;DFPL2026S1_qj;DFPL2026S1_jxg;DFPL2026S1_wbg;DFPL2026S1_shark,DFPL2026S1_jxg;DFPL2026S1_wbg;DFPL2026S1_syg;DFPL2026S1_shark;DFPL2026S1_qj;DFPL2026S1_oa
DFPL2026S1_W4M5,DFPL2026S1,cgs,常规赛,,上半区突围赛,4,2026-04-17T15:00:00+08:00,4,已结束,7,无,DFPL2026S1_ibg;DFPL2026S1_jag;DFPL2026S1_nova;DFPL2026S1_blg;DFPL2026S1_we;DFPL2026S1_drg,DFPL2026S1_ibg;DFPL2026S1_drg;DFPL2026S1_we;DFPL2026S1_jag;DFPL2026S1_nova;DFPL2026S1_blg
DFPL2026S1_W4M6,DFPL2026S1,cgs,常规赛,,下半区突围赛,4,2026-04-17T18:30:00+08:00,4,已结束,7,无,DFPL2026S1_rsg;DFPL2026S1_te;DFPL2026S1_tec;DFPL2026S1_syg;DFPL2026S1_shark;DFPL2026S1_qj,DFPL2026S1_te;DFPL2026S1_qj;DFPL2026S1_rsg;DFPL2026S1_shark;DFPL2026S1_syg;DFPL2026S1_tec
DFPL2026S1_W4M7,DFPL2026S1,cgs,常规赛,,上半区晋级赛,4,2026-04-18T15:00:00+08:00,4,已结束,6,无,DFPL2026S1_estar;DFPL2026S1_jdg;DFPL2026S1_tes;DFPL2026S1_lgd;DFPL2026S1_ibg;DFPL2026S1_drg,DFPL2026S1_estar;DFPL2026S1_lgd;DFPL2026S1_ibg;DFPL2026S1_drg;DFPL2026S1_jdg;DFPL2026S1_tes
DFPL2026S1_W4M8,DFPL2026S1,cgs,常规赛,,下半区晋级赛,4,2026-04-18T18:30:00+08:00,4,已结束,5,无,DFPL2026S1_ld;DFPL2026S1_baisha;DFPL2026S1_jxg;DFPL2026S1_wbg;DFPL2026S1_te;DFPL2026S1_qj,DFPL2026S1_ld;DFPL2026S1_qj;DFPL2026S1_wbg;DFPL2026S1_jxg;DFPL2026S1_baisha;DFPL2026S1_te
DFPL2026S1_W4M9,DFPL2026S1,cgs,常规赛,,周决突围赛,4,2026-04-19T15:00:00+08:00,4,已结束,7,无,DFPL2026S1_ibg;DFPL2026S1_drg;DFPL2026S1_jdg;DFPL2026S1_wbg;DFPL2026S1_jxg;DFPL2026S1_baisha,DFPL2026S1_wbg;DFPL2026S1_baisha;DFPL2026S1_ibg;DFPL2026S1_drg;DFPL2026S1_jdg;DFPL2026S1_jxg
DFPL2026S1_W4M10,DFPL2026S1,cgs,常规赛,,周决赛,4,2026-04-19T18:30:00+08:00,4,已结束,7,无,DFPL2026S1_estar;DFPL2026S1_lgd;DFPL2026S1_ld;DFPL2026S1_qj;DFPL2026S1_wbg;DFPL2026S1_baisha,DFPL2026S1_wbg;DFPL2026S1_lgd;DFPL2026S1_ld;DFPL2026S1_estar;DFPL2026S1_qj;DFPL2026S1_baisha
DFPL2026S1_W5M1,DFPL2026S1,cgs,常规赛,小组赛,A组,5,2026-04-22T15:00:00+08:00,4,已结束,7,无,DFPL2026S1_blg;DFPL2026S1_rsg;DFPL2026S1_wbg;DFPL2026S1_ag;DFPL2026S1_jdg;DFPL2026S1_lgd,DFPL2026S1_blg;DFPL2026S1_jdg;DFPL2026S1_lgd;DFPL2026S1_rsg;DFPL2026S1_wbg;DFPL2026S1_ag
DFPL2026S1_W5M2,DFPL2026S1,cgs,常规赛,小组赛,B组,5,2026-04-22T18:30:00+08:00,4,已结束,6,无,DFPL2026S1_qj;DFPL2026S1_te;DFPL2026S1_ibg;DFPL2026S1_drg;DFPL2026S1_nova;DFPL2026S1_oa,DFPL2026S1_ibg;DFPL2026S1_oa;DFPL2026S1_qj;DFPL2026S1_te;DFPL2026S1_nova;DFPL2026S1_drg
DFPL2026S1_W5M3,DFPL2026S1,cgs,常规赛,小组赛,C组,5,2026-04-23T15:00:00+08:00,4,已结束,5,无,DFPL2026S1_tes;DFPL2026S1_we;DFPL2026S1_estar;DFPL2026S1_ld;DFPL2026S1_ksg;DFPL2026S1_baisha,DFPL2026S1_estar;DFPL2026S1_tes;DFPL2026S1_we;DFPL2026S1_ksg;DFPL2026S1_baisha;DFPL2026S1_ld
DFPL2026S1_W5M4,DFPL2026S1,cgs,常规赛,小组赛,D组,5,2026-04-23T18:30:00+08:00,4,已结束,4,无,DFPL2026S1_shark;DFPL2026S1_tec;DFPL2026S1_syg;DFPL2026S1_xrock;DFPL2026S1_jxg;DFPL2026S1_jag,DFPL2026S1_shark;DFPL2026S1_tec;DFPL2026S1_jxg;DFPL2026S1_xrock;DFPL2026S1_syg;DFPL2026S1_jag
DFPL2026S1_W5M5,DFPL2026S1,cgs,常规赛,,上半区突围赛,5,2026-04-24T15:00:00+08:00,4,已结束,7,无,DFPL2026S1_lgd;DFPL2026S1_rsg;DFPL2026S1_wbg;DFPL2026S1_qj;DFPL2026S1_te;DFPL2026S1_nova,DFPL2026S1_lgd;DFPL2026S1_nova;DFPL2026S1_qj;DFPL2026S1_rsg;DFPL2026S1_te;DFPL2026S1_wbg
DFPL2026S1_W5M6,DFPL2026S1,cgs,常规赛,,下半区突围赛,5,2026-04-24T18:30:00+08:00,4,已结束,7,无,DFPL2026S1_we;DFPL2026S1_ksg;DFPL2026S1_baisha;DFPL2026S1_jxg;DFPL2026S1_xrock;DFPL2026S1_syg,DFPL2026S1_syg;DFPL2026S1_ksg;DFPL2026S1_jxg;DFPL2026S1_xrock;DFPL2026S1_we;DFPL2026S1_baisha
DFPL2026S1_W5M7,DFPL2026S1,cgs,常规赛,,上半区晋级赛,5,2026-04-25T15:00:00+08:00,4,已结束,6,无,DFPL2026S1_blg;DFPL2026S1_jdg;DFPL2026S1_ibg;DFPL2026S1_oa;DFPL2026S1_lgd;DFPL2026S1_nova,DFPL2026S1_jdg;DFPL2026S1_nova;DFPL2026S1_lgd;DFPL2026S1_ibg;DFPL2026S1_blg;DFPL2026S1_oa
DFPL2026S1_W5M8,DFPL2026S1,cgs,常规赛,,下半区晋级赛,5,2026-04-25T18:30:00+08:00,4,已结束,4,无,DFPL2026S1_estar;DFPL2026S1_tes;DFPL2026S1_shark;DFPL2026S1_tec;DFPL2026S1_syg;DFPL2026S1_ksg,DFPL2026S1_estar;DFPL2026S1_tes;DFPL2026S1_ksg;DFPL2026S1_tec;DFPL2026S1_syg;DFPL2026S1_shark
DFPL2026S1_W5M9,DFPL2026S1,cgs,常规赛,,周决突围赛,5,2026-04-26T15:00:00+08:00,4,已结束,5,无,DFPL2026S1_lgd;DFPL2026S1_ibg;DFPL2026S1_blg;DFPL2026S1_ksg;DFPL2026S1_tec;DFPL2026S1_syg,DFPL2026S1_lgd;DFPL2026S1_ksg;DFPL2026S1_syg;DFPL2026S1_tec;DFPL2026S1_ibg;DFPL2026S1_blg
DFPL2026S1_W5M10,DFPL2026S1,cgs,常规赛,,周决赛,5,2026-04-26T18:30:00+08:00,4,已结束,7,无,DFPL2026S1_jdg;DFPL2026S1_nova;DFPL2026S1_estar;DFPL2026S1_tes;DFPL2026S1_lgd;DFPL2026S1_ksg,DFPL2026S1_lgd;DFPL2026S1_estar;DFPL2026S1_jdg;DFPL2026S1_ksg;DFPL2026S1_tes;DFPL2026S1_nova
DFPL2026S1_W6M1,DFPL2026S1,jhs,季后赛,车轮赛,第一场,6,2026-05-01T15:00:00+08:00,4,已结束,5,无,DFPL2026S1_wbg;DFPL2026S1_jdg;DFPL2026S1_lgd;DFPL2026S1_ld;DFPL2026S1_estar;DFPL2026S1_tec,DFPL2026S1_estar;DFPL2026S1_jdg;DFPL2026S1_ld;DFPL2026S1_wbg;DFPL2026S1_lgd;DFPL2026S1_tec
DFPL2026S1_W6M2,DFPL2026S1,jhs,季后赛,车轮赛,第二场,6,2026-05-01T18:30:00+08:00,4,已结束,7,无,DFPL2026S1_ibg;DFPL2026S1_baisha;DFPL2026S1_ld;DFPL2026S1_lgd;DFPL2026S1_wbg;DFPL2026S1_tec,DFPL2026S1_wbg;DFPL2026S1_lgd;DFPL2026S1_ibg;DFPL2026S1_tec;DFPL2026S1_ld;DFPL2026S1_baisha
DFPL2026S1_W6M3,DFPL2026S1,jhs,季后赛,车轮赛,第三场,6,2026-05-02T15:00:00+08:00,4,已结束,5,无,DFPL2026S1_rsg;DFPL2026S1_tes;DFPL2026S1_tec;DFPL2026S1_ld;DFPL2026S1_baisha;DFPL2026S1_ibg,DFPL2026S1_tes;DFPL2026S1_tec;DFPL2026S1_rsg;DFPL2026S1_ibg;DFPL2026S1_baisha;DFPL2026S1_ld
DFPL2026S1_W6M4,DFPL2026S1,jhs,季后赛,车轮赛,第四场,6,2026-05-02T18:30:00+08:00,4,已结束,5,无,DFPL2026S1_qj;DFPL2026S1_nova;DFPL2026S1_rsg;DFPL2026S1_ibg;DFPL2026S1_baisha;DFPL2026S1_ld,DFPL2026S1_nova;DFPL2026S1_baisha;DFPL2026S1_rsg;DFPL2026S1_qj;DFPL2026S1_ibg;DFPL2026S1_ld
DFPL2026S1_W6M5,DFPL2026S1,jhs,季后赛,车轮赛,第五场,6,2026-05-03T15:00:00+08:00,4,已结束,7,无,DFPL2026S1_jag;DFPL2026S1_ag;DFPL2026S1_rsg;DFPL2026S1_qj;DFPL2026S1_ibg;DFPL2026S1_ld,DFPL2026S1_jag;DFPL2026S1_qj;DFPL2026S1_ibg;DFPL2026S1_rsg;DFPL2026S1_ld;DFPL2026S1_ag
DFPL2026S1_W6M6,DFPL2026S1,jhs,季后赛,车轮赛,第六场,6,2026-05-03T18:30:00+08:00,4,已结束,7,无,DFPL2026S1_ksg;DFPL2026S1_syg;DFPL2026S1_ibg;DFPL2026S1_rsg;DFPL2026S1_ld;DFPL2026S1_ag,DFPL2026S1_ag;DFPL2026S1_ibg;DFPL2026S1_ld;DFPL2026S1_ksg;DFPL2026S1_rsg;DFPL2026S1_syg
DFPL2026S1_W6M7,DFPL2026S1,jhs,季后赛,晋级赛,第一场,6,2026-05-05T17:00:00+08:00,4,已结束,6,无,DFPL2026S1_estar;DFPL2026S1_jdg;DFPL2026S1_wbg;DFPL2026S1_lgd;DFPL2026S1_tes;DFPL2026S1_tec,DFPL2026S1_tec;DFPL2026S1_estar;DFPL2026S1_lgd;DFPL2026S1_wbg;DFPL2026S1_tes;DFPL2026S1_jdg
DFPL2026S1_W6M8,DFPL2026S1,jhs,季后赛,晋级赛,第二场,6,2026-05-06T17:00:00+08:00,4,已结束,5,无,DFPL2026S1_estar;DFPL2026S1_lgd;DFPL2026S1_wbg;DFPL2026S1_tes;DFPL2026S1_jdg;DFPL2026S1_nova,DFPL2026S1_tes;DFPL2026S1_nova;DFPL2026S1_estar;DFPL2026S1_jdg;DFPL2026S1_wbg;DFPL2026S1_lgd
DFPL2026S1_W6M9,DFPL2026S1,jhs,季后赛,晋级赛,第三场,6,2026-05-07T17:00:00+08:00,4,已结束,7,无,DFPL2026S1_baisha;DFPL2026S1_nova;DFPL2026S1_estar;DFPL2026S1_jdg;DFPL2026S1_wbg;DFPL2026S1_lgd,DFPL2026S1_nova;DFPL2026S1_estar;DFPL2026S1_jdg;DFPL2026S1_baisha;DFPL2026S1_lgd;DFPL2026S1_wbg
DFPL2026S1_W610,DFPL2026S1,,,,,,2026-05-08T17:00:00+08:00,1,未开始,0,无,DFPL2026S1_dd,
DFPL2026S1_W6M10,DFPL2026S1,jhs,季后赛,晋级赛,第四场,6,2026-05-08T17:00:00+08:00,4,已结束,7,无,DFPL2026S1_jag;DFPL2026S1_estar;DFPL2026S1_jdg;DFPL2026S1_baisha;DFPL2026S1_lgd;DFPL2026S1_wbg,DFPL2026S1_jdg;DFPL2026S1_wbg;DFPL2026S1_jag;DFPL2026S1_lgd;DFPL2026S1_baisha;DFPL2026S1_estar
DFPL2026S1_W6M11,DFPL2026S1,jhs,季后赛,晋级赛,第五场,6,2026-05-09T17:00:00+08:00,4,已结束,7,无,DFPL2026S1_qj;DFPL2026S1_wbg;DFPL2026S1_jag;DFPL2026S1_lgd;DFPL2026S1_baisha;DFPL2026S1_estar,DFPL2026S1_jag;DFPL2026S1_lgd;DFPL2026S1_wbg;DFPL2026S1_qj;DFPL2026S1_estar;DFPL2026S1_baisha
DFPL2026S1_W6M12,DFPL2026S1,jhs,季后赛,晋级赛,第六场,6,2026-05-10T17:00:00+08:00,4,已结束,7,无,DFPL2026S1_ag;DFPL2026S1_lgd;DFPL2026S1_wbg;DFPL2026S1_qj;DFPL2026S1_estar;DFPL2026S1_baisha,DFPL2026S1_lgd;DFPL2026S1_ag;DFPL2026S1_qj;DFPL2026S1_wbg;DFPL2026S1_baisha;DFPL2026S1_estar
DFPL2026S1_W7M1,DFPL2026S1,js,决赛,,,7,2026-05-16T15:00:00+08:00,4,已结束,7,无,DFPL2026S1_tec;DFPL2026S1_tes;DFPL2026S1_nova;DFPL2026S1_jdg;DFPL2026S1_jag;DFPL2026S1_lgd,DFPL2026S1_tes;DFPL2026S1_jdg;DFPL2026S1_tec;DFPL2026S1_lgd;DFPL2026S1_jag;DFPL2026S1_nova
DFPL2026S1_W7W1,DFPL2026S1,,,,,,2026-05-16T15:00:00+08:00,1,未开始,0,无,DFPL2026S1_tec;DFPL2026S1_tes;DFPL2026S1_nova;DFPL2026S1_jdg;DFPL2026S1_jag;DFPL2026S1_lgd,
DFPL2026S2_W1M1,DFPL2026S2,cgs,常规赛,小组赛,A1组,1,2026-08-05T14:00:00+08:00,4,已结束,7,积分,DFPL2026S2_tes;DFPL2026S2_qj;DFPL2026S2_wbg;DFPL2026S2_jxg;DFPL2026S2_oa;DFPL2026S2_wfg,DFPL2026S2_jxg;DFPL2026S2_tes;DFPL2026S2_qj;DFPL2026S2_wbg;DFPL2026S2_wfg;DFPL2026S2_oa
DFPL2026S2_W1M2,DFPL2026S2,cgs,常规赛,小组赛,B1组,1,2026-08-05T17:30:00+08:00,4,已结束,7,积分,DFPL2026S2_jdg;DFPL2026S2_ag;DFPL2026S2_baisha;DFPL2026S2_syg;DFPL2026S2_blg;DFPL2026S2_ibg,DFPL2026S2_jdg;DFPL2026S2_ibg;DFPL2026S2_blg;DFPL2026S2_syg;DFPL2026S2_ag;DFPL2026S2_baisha
DFPL2026S2_W1M3,DFPL2026S2,cgs,常规赛,小组赛,C1组,1,2026-08-06T14:00:00+08:00,4,已结束,7,积分,DFPL2026S2_tec;DFPL2026S2_nova;DFPL2026S2_estar;DFPL2026S2_rsg;DFPL2026S2_drg;DFPL2026S2_egg,DFPL2026S2_egg;DFPL2026S2_nova;DFPL2026S2_estar;DFPL2026S2_rsg;DFPL2026S2_drg;DFPL2026S2_tec
DFPL2026S2_W1M4,DFPL2026S2,cgs,常规赛,小组赛,D1组,1,2026-08-06T17:30:00+08:00,4,已结束,7,积分,DFPL2026S2_lgd;DFPL2026S2_jag;DFPL2026S2_ld;DFPL2026S2_ksg;DFPL2026S2_ycg;DFPL2026S2_shark,DFPL2026S2_lgd;DFPL2026S2_jag;DFPL2026S2_ycg;DFPL2026S2_ld;DFPL2026S2_ksg;DFPL2026S2_shark
DFPL2026S2_W1M5,DFPL2026S2,cgs,常规赛,小组赛,A2组,1,2026-08-07T14:00:00+08:00,4,已结束,7,积分,DFPL2026S2_tes;DFPL2026S2_ag;DFPL2026S2_estar;DFPL2026S2_ksg;DFPL2026S2_oa;DFPL2026S2_ibg,DFPL2026S2_ksg;DFPL2026S2_estar;DFPL2026S2_ibg;DFPL2026S2_ag;DFPL2026S2_tes;DFPL2026S2_oa
DFPL2026S2_W1M6,DFPL2026S2,cgs,常规赛,小组赛,B2组,1,2026-08-07T17:30:00+08:00,4,已结束,7,积分,DFPL2026S2_jdg;DFPL2026S2_nova;DFPL2026S2_ld;DFPL2026S2_jxg;DFPL2026S2_blg;DFPL2026S2_egg,DFPL2026S2_egg;DFPL2026S2_ld;DFPL2026S2_jdg;DFPL2026S2_jxg;DFPL2026S2_nova;DFPL2026S2_blg
DFPL2026S2_W1M7,DFPL2026S2,cgs,常规赛,小组赛,C2组,1,2026-08-08T14:00:00+08:00,4,已结束,7,积分,DFPL2026S2_tec;DFPL2026S2_jag;DFPL2026S2_wbg;DFPL2026S2_syg;DFPL2026S2_drg;DFPL2026S2_shark,DFPL2026S2_syg;DFPL2026S2_wbg;DFPL2026S2_shark;DFPL2026S2_tec;DFPL2026S2_jag;DFPL2026S2_drg
DFPL2026S2_W1M8,DFPL2026S2,cgs,常规赛,小组赛,D2组,1,2026-08-08T17:30:00+08:00,4,已结束,7,积分,DFPL2026S2_lgd;DFPL2026S2_qj;DFPL2026S2_baisha;DFPL2026S2_rsg;DFPL2026S2_ycg;DFPL2026S2_wfg,DFPL2026S2_wfg;DFPL2026S2_rsg;DFPL2026S2_qj;DFPL2026S2_ycg;DFPL2026S2_lgd;DFPL2026S2_baisha
DFPL2026S2_W1M9,DFPL2026S2,cgs,常规赛,,周决突围赛,1,2026-08-09T14:00:00+08:00,4,已结束,7,排名,DFPL2026S2_ksg;DFPL2026S2_wfg;DFPL2026S2_estar;DFPL2026S2_ibg;DFPL2026S2_rsg;DFPL2026S2_ld,DFPL2026S2_rsg;DFPL2026S2_wfg;DFPL2026S2_estar;DFPL2026S2_ibg;DFPL2026S2_ksg;DFPL2026S2_ld
DFPL2026S2_W1M10,DFPL2026S2,cgs,常规赛,,周决赛,1,2026-08-09T17:30:00+08:00,4,已结束,10,积分,DFPL2026S2_egg;DFPL2026S2_jdg;DFPL2026S2_syg;DFPL2026S2_jxg;DFPL2026S2_lgd;DFPL2026S2_rsg,DFPL2026S2_lgd;DFPL2026S2_syg;DFPL2026S2_jdg;DFPL2026S2_rsg;DFPL2026S2_egg;DFPL2026S2_jxg
DFPL2026S2_W2M1,DFPL2026S2,cgs,常规赛,小组赛,A1组,2,2026-08-13T14:00:00+08:00,4,已结束,7,积分,DFPL2026S2_lgd;DFPL2026S2_estar;DFPL2026S2_ibg;DFPL2026S2_ycg;DFPL2026S2_tes;DFPL2026S2_oa,DFPL2026S2_estar;DFPL2026S2_lgd;DFPL2026S2_ycg;DFPL2026S2_tes;DFPL2026S2_oa;DFPL2026S2_ibg
DFPL2026S2_W2M2,DFPL2026S2,cgs,常规赛,小组赛,B1组,2,2026-08-13T17:30:00+08:00,4,已结束,7,积分,DFPL2026S2_syg;DFPL2026S2_wfg;DFPL2026S2_ksg;DFPL2026S2_nova;DFPL2026S2_ag;DFPL2026S2_baisha,DFPL2026S2_syg;DFPL2026S2_nova;DFPL2026S2_baisha;DFPL2026S2_wfg;DFPL2026S2_ksg;DFPL2026S2_ag
DFPL2026S2_W2M3,DFPL2026S2,cgs,常规赛,小组赛,C1组,2,2026-08-14T14:00:00+08:00,4,已结束,7,积分,DFPL2026S2_jdg;DFPL2026S2_jxg;DFPL2026S2_ld;DFPL2026S2_jag;DFPL2026S2_shark;DFPL2026S2_drg,DFPL2026S2_jxg;DFPL2026S2_jag;DFPL2026S2_jdg;DFPL2026S2_ld;DFPL2026S2_shark;DFPL2026S2_drg
DFPL2026S2_W2M4,DFPL2026S2,cgs,常规赛,小组赛,D1组,2,2026-08-14T17:30:00+08:00,4,已结束,7,积分,DFPL2026S2_rsg;DFPL2026S2_egg;DFPL2026S2_qj;DFPL2026S2_wbg;DFPL2026S2_blg;DFPL2026S2_tec,DFPL2026S2_egg;DFPL2026S2_rsg;DFPL2026S2_qj;DFPL2026S2_blg;DFPL2026S2_wbg;DFPL2026S2_tec
DFPL2026S2_W2M5,DFPL2026S2,cgs,常规赛,小组赛,A2组,2,2026-08-15T14:00:00+08:00,4,已结束,7,积分,DFPL2026S2_lgd;DFPL2026S2_wfg;DFPL2026S2_ld;DFPL2026S2_wbg;DFPL2026S2_tes;DFPL2026S2_baisha,DFPL2026S2_ld;DFPL2026S2_lgd;DFPL2026S2_wfg;DFPL2026S2_baisha;DFPL2026S2_tes;DFPL2026S2_wbg
DFPL2026S2_W2M6,DFPL2026S2,cgs,常规赛,小组赛,B2组,2,2026-08-15T17:30:00+08:00,4,已结束,7,积分,DFPL2026S2_syg;DFPL2026S2_jxg;DFPL2026S2_qj;DFPL2026S2_ycg;DFPL2026S2_ag;DFPL2026S2_drg,DFPL2026S2_syg;DFPL2026S2_jxg;DFPL2026S2_qj;DFPL2026S2_ag;DFPL2026S2_ycg;DFPL2026S2_drg
DFPL2026S2_W2M7,DFPL2026S2,cgs,常规赛,小组赛,C2组,2,2026-08-16T14:00:00+08:00,4,已结束,5,积分,DFPL2026S2_jdg;DFPL2026S2_egg;DFPL2026S2_ibg;DFPL2026S2_nova;DFPL2026S2_shark;DFPL2026S2_tec,DFPL2026S2_egg;DFPL2026S2_nova;DFPL2026S2_tec;DFPL2026S2_shark;DFPL2026S2_jdg;DFPL2026S2_ibg
DFPL2026S2_W2M8,DFPL2026S2,cgs,常规赛,小组赛,D2组,2,2026-08-16T17:30:00+08:00,4,已结束,7,积分,DFPL2026S2_rsg;DFPL2026S2_estar;DFPL2026S2_ksg;DFPL2026S2_jag;DFPL2026S2_blg;DFPL2026S2_oa,DFPL2026S2_rsg;DFPL2026S2_estar;DFPL2026S2_blg;DFPL2026S2_jag;DFPL2026S2_ksg;DFPL2026S2_oa
DFPL2026S2_W2M9,DFPL2026S2,cgs,常规赛,,周决突围赛,2,2026-08-17T14:00:00+08:00,4,已结束,7,排名,DFPL2026S2_ld;DFPL2026S2_lgd;DFPL2026S2_nova;DFPL2026S2_jag;DFPL2026S2_qj;DFPL2026S2_blg,DFPL2026S2_lgd;DFPL2026S2_blg;DFPL2026S2_nova;DFPL2026S2_ld;DFPL2026S2_jag;DFPL2026S2_qj
DFPL2026S2_W2M10,DFPL2026S2,cgs,常规赛,,周决赛,2,2026-08-17T17:30:00+08:00,4,已结束,10,积分,DFPL2026S2_egg;DFPL2026S2_syg;DFPL2026S2_estar;DFPL2026S2_rsg;DFPL2026S2_jxg;DFPL2026S2_lgd,DFPL2026S2_estar;DFPL2026S2_syg;DFPL2026S2_lgd;DFPL2026S2_rsg;DFPL2026S2_jxg;DFPL2026S2_egg
DFPL2026S2_W3M1,DFPL2026S2,cgs,常规赛,小组赛,A1组,3,2026-08-19T14:00:00+08:00,4,已结束,7,积分,DFPL2026S2_estar;DFPL2026S2_nova;DFPL2026S2_ld;DFPL2026S2_tec;DFPL2026S2_tes;DFPL2026S2_drg,DFPL2026S2_estar;DFPL2026S2_tes;DFPL2026S2_tec;DFPL2026S2_ld;DFPL2026S2_nova;DFPL2026S2_drg
DFPL2026S2_W3M2,DFPL2026S2,cgs,常规赛,小组赛,B1组,3,2026-08-19T17:30:00+08:00,4,已结束,7,积分,DFPL2026S2_syg;DFPL2026S2_blg;DFPL2026S2_jag;DFPL2026S2_ycg;DFPL2026S2_shark;DFPL2026S2_ibg,DFPL2026S2_shark;DFPL2026S2_blg;DFPL2026S2_syg;DFPL2026S2_ibg;DFPL2026S2_ycg;DFPL2026S2_jag
DFPL2026S2_W3M3,DFPL2026S2,cgs,常规赛,小组赛,C1组,3,2026-08-20T14:00:00+08:00,3,进行中,0,积分,DFPL2026S2_lgd;DFPL2026S2_egg;DFPL2026S2_qj;DFPL2026S2_jdg;DFPL2026S2_ksg;DFPL2026S2_oa,
DFPL2026S2_W3M4,DFPL2026S2,cgs,常规赛,小组赛,D1组,3,2026-08-20T17:30:00+08:00,1,未开始,0,积分,DFPL2026S2_rsg;DFPL2026S2_jxg;DFPL2026S2_baisha;DFPL2026S2_wfg;DFPL2026S2_ag;DFPL2026S2_wbg,
DFPL2026S2_W3M5,DFPL2026S2,cgs,常规赛,小组赛,A2组,3,2026-08-21T14:00:00+08:00,1,未开始,0,积分,DFPL2026S2_estar;DFPL2026S2_blg;DFPL2026S2_qj;DFPL2026S2_wfg;DFPL2026S2_tes;DFPL2026S2_ibg,
DFPL2026S2_W3M6,DFPL2026S2,cgs,常规赛,小组赛,B2组,3,2026-08-21T17:30:00+08:00,1,未开始,0,积分,DFPL2026S2_syg;DFPL2026S2_egg;DFPL2026S2_baisha;DFPL2026S2_tec;DFPL2026S2_shark;DFPL2026S2_oa,
DFPL2026S2_W3M7,DFPL2026S2,cgs,常规赛,小组赛,C2组,3,2026-08-22T14:00:00+08:00,1,未开始,0,积分,DFPL2026S2_lgd;DFPL2026S2_jxg;DFPL2026S2_ld;DFPL2026S2_ycg;DFPL2026S2_ksg;DFPL2026S2_wbg,
DFPL2026S2_W3M8,DFPL2026S2,cgs,常规赛,小组赛,D2组,3,2026-08-22T17:30:00+08:00,1,未开始,0,积分,DFPL2026S2_rsg;DFPL2026S2_nova;DFPL2026S2_jag;DFPL2026S2_jdg;DFPL2026S2_ag;DFPL2026S2_drg,
DFPL2026S2_W3M9,DFPL2026S2,cgs,常规赛,,周决突围赛,3,2026-08-23T14:00:00+08:00,1,未开始,0,排名,,
DFPL2026S2_W3M10,DFPL2026S2,cgs,常规赛,,周决赛,3,2026-08-23T17:30:00+08:00,1,未开始,0,积分,,
DFPL2026S2_W4M1,DFPL2026S2,,,,,,2026-08-26T14:00:00+08:00,1,未开始,0,积分,,
DFPL2026S2_W4M2,DFPL2026S2,,,,,,2026-08-26T17:30:00+08:00,1,未开始,0,积分,,
DFPL2026S2_W4M3,DFPL2026S2,,,,,,2026-08-27T14:00:00+08:00,1,未开始,0,积分,,
DFPL2026S2_W4M4,DFPL2026S2,,,,,,2026-08-27T17:30:00+08:00,1,未开始,0,积分,,
DFPL2026S2_W4M5,DFPL2026S2,,,,,,2026-08-28T14:00:00+08:00,1,未开始,0,积分,,
DFPL2026S2_W4M6,DFPL2026S2,,,,,,2026-08-28T17:30:00+08:00,1,未开始,0,积分,,
DFPL2026S2_W4M7,DFPL2026S2,,,,,,2026-08-29T14:00:00+08:00,1,未开始,0,积分,,
DFPL2026S2_W4M8,DFPL2026S2,,,,,,2026-08-29T17:30:00+08:00,1,未开始,0,积分,,
DFPL2026S2_W4M9,DFPL2026S2,,,,,,2026-08-30T14:00:00+08:00,1,未开始,0,排名,,
DFPL2026S2_W4M10,DFPL2026S2,,,,,,2026-08-30T17:30:00+08:00,1,未开始,0,积分,,
DFPL2026S2_W5M1,DFPL2026S2,,,,,,2026-09-02T14:00:00+08:00,1,未开始,0,积分,,
DFPL2026S2_W5M2,DFPL2026S2,,,,,,2026-09-02T17:30:00+08:00,1,未开始,0,积分,,
DFPL2026S2_W5M3,DFPL2026S2,,,,,,2026-09-03T14:00:00+08:00,1,未开始,0,积分,,
DFPL2026S2_W5M4,DFPL2026S2,,,,,,2026-09-03T17:30:00+08:00,1,未开始,0,积分,,
DFPL2026S2_W5M5,DFPL2026S2,,,,,,2026-09-04T14:00:00+08:00,1,未开始,0,积分,,
DFPL2026S2_W5M6,DFPL2026S2,,,,,,2026-09-04T17:30:00+08:00,1,未开始,0,积分,,
DFPL2026S2_W5M7,DFPL2026S2,,,,,,2026-09-05T14:00:00+08:00,1,未开始,0,积分,,
DFPL2026S2_W5M8,DFPL2026S2,,,,,,2026-09-05T17:30:00+08:00,1,未开始,0,积分,,
DFPL2026S2_W5M9,DFPL2026S2,,,,,,2026-09-06T14:00:00+08:00,1,未开始,0,排名,,
DFPL2026S2_W5M10,DFPL2026S2,,,,,,2026-09-06T17:30:00+08:00,1,未开始,0,积分,,
