team_id,club_id,name_zh,name_en,logo_url,season_id,sort,jump_url
DFPL2026S1_ag,ag,成都AG,成都AG,https://df-pic.tmes.qq.com/cdn/1774195200000/03d7b29e41a0f3cf3b7c77704c94accc.png,DFPL2026S1,,
DFPL2026S1_baisha,baisha,白鲨,白鲨,https://df-pic.tmes.qq.com/cdn/1774195200000/bc067be672b789812c5eda0f0db786ac.png,DFPL2026S1,,
DFPL2026S1_blg,blg,BLG,BLG,https://df-pic.tmes.qq.com/cdn/1774195200000/e053ed864abb995942cf6beace0952f7.png,DFPL2026S1,,
DFPL2026S1_dd,dd,待定,待定,https://mspeedtv-pic.tga.qq.com/fc2b9a9f9c0561ddd562c667bd801357.png,DFPL2026S1,,
DFPL2026S1_drg,drg,北京DRG,北京DRG,https://df-pic.tmes.qq.com/cdn/1774195200000/9ba4904b7ef35387e29ac08426e5d271.png,DFPL2026S1,,
DFPL2026S1_estar,estar,eStar,eStar,https://df-pic.tmes.qq.com/cdn/1774195200000/353bc6bbf59f1d9b390423568b95d06a.png,DFPL2026S1,,
DFPL2026S1_ibg,ibg,IBG,IBG,https://df-pic.tmes.qq.com/cdn/1774195200000/40c23ef39405024e24423d6165f5ebcd.png,DFPL2026S1,,
DFPL2026S1_jag,jag,JAG,JAG,https://df-pic.tmes.qq.com/cdn/1774195200000/051b61fe67e95a1545f01a9b6340a7f9.png,DFPL2026S1,,
DFPL2026S1_jdg,jdg,JDG,JDG,https://df-pic.tmes.qq.com/cdn/1774022400000/498f8c2720fae35aa48c2c2fe967faa5.png,DFPL2026S1,,
DFPL2026S1_jxg,jxg,JXG,JXG,https://df-pic.tmes.qq.com/cdn/1774195200000/5ea5f5b3f9d9925a071567a63eb64883.png,DFPL2026S1,,
DFPL2026S1_ksg,ksg,KSG,KSG,https://df-pic.tmes.qq.com/cdn/1774195200000/bac7c361896a07ad14f9fe005cdf34c4.png,DFPL2026S1,,
DFPL2026S1_ld,ld,狼队,狼队,https://df-pic.tmes.qq.com/cdn/1774195200000/72755893ad38d1897743388e10b16fdf.png,DFPL2026S1,,
DFPL2026S1_lgd,lgd,杭州LGD,杭州LGD,https://df-pic.tmes.qq.com/cdn/1774195200000/6a561722676c50acc8e5bac03d17820c.png,DFPL2026S1,,
DFPL2026S1_nova,nova,NOVA,NOVA,https://df-pic.tmes.qq.com/cdn/1774022400000/28f75621e727c4e6571ffe3d3be4ad22.png,DFPL2026S1,,
DFPL2026S1_oa,oa,OA,OA,https://df-pic.tmes.qq.com/cdn/1774195200000/12fbc96df91aa904085c94d98d5cca5e.png,DFPL2026S1,,
DFPL2026S1_qj,qj,Q9,Q9,https://df-pic.tmes.qq.com/cdn/1774022400000/4c11d95579a86baa22ce668fc01067aa.png,DFPL2026S1,,
DFPL2026S1_rsg,rsg,RSG,RSG,https://df-pic.tmes.qq.com/cdn/1774195200000/c59c7d2e318b006c55d87194187f2916.png,DFPL2026S1,,
DFPL2026S1_shark,shark,Shark,Shark,https://df-pic.tmes.qq.com/cdn/1774195200000/64d0865d0e9273123d9dfc7e6e9358b0.png,DFPL2026S1,,
DFPL2026S1_syg,syg,SYG,SYG,https://df-pic.tmes.qq.com/cdn/1774195200000/836269bacc57cca2cb9c9c5991d2c3aa.png,DFPL2026S1,,
DFPL2026S1_te,te,TE溯,TE溯,https://df-pic.tmes.qq.com/cdn/1774195200000/5adca6a88b218a3c088ad2327c7e3d9a.png,DFPL2026S1,,
DFPL2026S1_tec,tec,TEC,TEC,https://df-pic.tmes.qq.com/cdn/1774195200000/fcd9cfdbb443664aaab1e3a47bff70af.png,DFPL2026S1,,
DFPL2026S1_tes,tes,TES,TES,https://df-pic.tmes.qq.com/cdn/1774195200000/83b3177604b4283b99a8bb9b5b7ad7c1.png,DFPL2026S1,,
DFPL2026S1_wbg,wbg,WBG,WBG,https://df-pic.tmes.qq.com/cdn/1774195200000/6e4ff72c09ed2dbf8d393a8d1a710a2c.png,DFPL2026S1,,
DFPL2026S1_we,we,WE,WE,https://df-pic.tmes.qq.com/cdn/1774195200000/b129fba30d742dca365a672f7cebf6f1.png,DFPL2026S1,,
DFPL2026S1_xrock,xrock,XROCK,XROCK,https://df-pic.tmes.qq.com/cdn/1774195200000/aaf1a49b0c77e88cabf43fe798d8b64c.png,DFPL2026S1,,
DFPL2026S2_ag,ag,成都AG,成都AG,https://df-pic.tmes.qq.com/cdn/1774195200000/03d7b29e41a0f3cf3b7c77704c94accc.png,DFPL2026S2,24,https://live.douyin.com/AGSJZXD
DFPL2026S2_baisha,baisha,白鲨,白鲨,https://df-pic.tmes.qq.com/cdn/1774195200000/bc067be672b789812c5eda0f0db786ac.png,DFPL2026S2,22,https://live.douyin.com/308321963451
DFPL2026S2_blg,blg,BLG,BLG,https://df-pic.tmes.qq.com/cdn/1774195200000/e053ed864abb995942cf6beace0952f7.png,DFPL2026S2,23,https://live.bilibili.com/22175410
DFPL2026S2_drg,drg,北京DRG,北京DRG,https://df-pic.tmes.qq.com/cdn/1774195200000/9ba4904b7ef35387e29ac08426e5d271.png,DFPL2026S2,21,https://live.douyin.com/42535390107
DFPL2026S2_egg,egg,EGG,EGG,https://df-pic.tmes.qq.com/cdn/1785859200000/694fccea4ce635f233dfaaa47bcd97f3.png,DFPL2026S2,19,https://live.douyin.com/187480290
DFPL2026S2_estar,estar,eStar,eStar,https://df-pic.tmes.qq.com/cdn/1774195200000/353bc6bbf59f1d9b390423568b95d06a.png,DFPL2026S2,20,http://live.douyin.com/85210831172
DFPL2026S2_ibg,ibg,IBG,IBG,https://df-pic.tmes.qq.com/cdn/1774195200000/40c23ef39405024e24423d6165f5ebcd.png,DFPL2026S2,18,https://live.douyin.com/51847172291
DFPL2026S2_jag,jag,JAG,JAG,https://df-pic.tmes.qq.com/cdn/1774195200000/051b61fe67e95a1545f01a9b6340a7f9.png,DFPL2026S2,17,https://live.douyin.com/hxr020506
DFPL2026S2_jdg,jdg,JDG,JDG,https://df-pic.tmes.qq.com/cdn/1774022400000/498f8c2720fae35aa48c2c2fe967faa5.png,DFPL2026S2,16,https://live.douyin.com/JDGDeltaForce
DFPL2026S2_jxg,jxg,JXG,JXG,https://df-pic.tmes.qq.com/cdn/1774195200000/5ea5f5b3f9d9925a071567a63eb64883.png,DFPL2026S2,15,https://live.douyin.com/23294770018
DFPL2026S2_ksg,ksg,杭州KSG,杭州KSG,https://df-pic.tmes.qq.com/cdn/1774195200000/bac7c361896a07ad14f9fe005cdf34c4.png,DFPL2026S2,14,https://live.kuaishou.com/u/RIOUZI666
DFPL2026S2_ld,ld,广州狼队,广州狼队,https://df-pic.tmes.qq.com/cdn/1774195200000/72755893ad38d1897743388e10b16fdf.png,DFPL2026S2,13,https://live.bilibili.com/1816690997
DFPL2026S2_lgd,lgd,杭州LGD,杭州LGD,https://df-pic.tmes.qq.com/cdn/1774195200000/6a561722676c50acc8e5bac03d17820c.png,DFPL2026S2,12,https://live.douyin.com/21098208820
DFPL2026S2_nova,nova,NOVA,NOVA,https://df-pic.tmes.qq.com/cdn/1774022400000/28f75621e727c4e6571ffe3d3be4ad22.png,DFPL2026S2,11,https://live.douyin.com/90357746899
DFPL2026S2_oa,oa,OA,OA,https://df-pic.tmes.qq.com/cdn/1774195200000/12fbc96df91aa904085c94d98d5cca5e.png,DFPL2026S2,10,https://live.douyin.com/OnceAgainOA
DFPL2026S2_qj,qj,Q9,Q9,https://df-pic.tmes.qq.com/cdn/1774022400000/4c11d95579a86baa22ce668fc01067aa.png,DFPL2026S2,9,https://live.bilibili.com/13308358
DFPL2026S2_rsg,rsg,RSG,RSG,https://df-pic.tmes.qq.com/cdn/1774195200000/c59c7d2e318b006c55d87194187f2916.png,DFPL2026S2,8,https://live.douyin.com/724521301382?from_app_resume=live
DFPL2026S2_shark,shark,Shark,Shark,https://df-pic.tmes.qq.com/cdn/1774195200000/64d0865d0e9273123d9dfc7e6e9358b0.png,DFPL2026S2,7,https://live.bilibili.com/1842983900
DFPL2026S2_syg,syg,SYG,SYG,https://df-pic.tmes.qq.com/cdn/1774195200000/836269bacc57cca2cb9c9c5991d2c3aa.png,DFPL2026S2,6,https://live.douyin.com/40649320816
DFPL2026S2_tec,tec,TEC,TEC,https://df-pic.tmes.qq.com/cdn/1785859200000/10a8a43ecb1af6a52ce7912f80d2bb7d.png,DFPL2026S2,5,https://live.douyin.com/tecdeltaforce
DFPL2026S2_tes,tes,TES,TES,https://df-pic.tmes.qq.com/cdn/1774195200000/83b3177604b4283b99a8bb9b5b7ad7c1.png,DFPL2026S2,4,https://live.bilibili.com/1781251178
DFPL2026S2_wbg,wbg,WBG,WBG,https://df-pic.tmes.qq.com/cdn/1774195200000/6e4ff72c09ed2dbf8d393a8d1a710a2c.png,DFPL2026S2,3,https://www.huya.com/30872159
DFPL2026S2_wfg,wfg,WFG,WFG,https://df-pic.tmes.qq.com/cdn/1785859200000/b6bf0724d286557b70ede0b276713e13.png,DFPL2026S2,2,https://live.douyin.com/33097113831
DFPL2026S2_ycg,ycg,YCG,YCG,https://df-pic.tmes.qq.com/cdn/1785859200000/f116d9c7f9b5d60ccf90a35ddfcd5d4c.png,DFPL2026S2,1,https://live.douyin.com/YCG_DeltaEsports
